id;entidad;tipo;subtipo;pais;ciudad;web;tesis_resumen;evidencia_agro_food;ticket_min_eur;ticket_max_eur;instrumentos;acepta_minoritario_sin_control;ultima_operacion_fecha;persona_contacto;cargo;linkedin_url;email_publico;via_entrada;angulo_pitch;red_flags;conflicto;score;tier;confianza;fuente_url_1;fuente_url_2;fecha_verificacion;estado
A1A-001;Jeronimo Barrio S.L.;cadena_valor;mayorista_mercamadrid_gourmet;Espana;Madrid;https://www.lossatas.es;Mayorista de Mercamadrid naves C y D que YA comercializa flores comestibles y microbrotes en su catalogo publicado, junto a cuarta gama y distribucion Florette. Empresa familiar con dos administradores de la familia Barrio.;Catalogo ASOMAFRUT: lombarda, col china, pachoy, hinojo, nabo daycon, FLORES COMESTIBLES, MICROBROTES, cuarta gama y ecologico. Distribuidor Florette. Importa de Marruecos, Alemania, Francia, Holanda y Portugal.;desconocido;desconocido;desconocido;desconocido;-;Jose Luis Barrio;Administrador;-;administracion@jeronimobarrio.es;email_generico;Ya vende la categoria: hoy compra microbrotes y flores comestibles a terceros o de importacion. Rootflow le da KM 0 Las Rozas cosechado bajo pedido con 24-48 h, marca blanca Jeronimo Barrio y margen por kg muy superior. Entrada en capital para asegurar suministro exclusivo en Mercamadrid.;No hay evidencia publica de actividad inversora. Tamano no verificado.;ninguno;82;A;alta;https://asociados.asomafrut.com/detalle?tb_empresa_id_empresa=54;https://asociados.asomafrut.com/ficheros/aso_espanol_baja.pdf;2026-09-21;nuevo
A1A-002;Frutas Hermanos Montes S.A. - La Froutique;cadena_valor;mayorista_premium_marca_propia;Espana;Madrid;https://lafroutique.com;Se autodefine Premium Wholeseller. Tercera generacion familiar (fundada 1986 por Jesus Montes), posicionada en producto exclusivo de calidad premium con marca y red propia La Froutique de fruterias gourmet en Madrid. Certificado Froutique Global Luxury Fruit Seller.;Nave D puestos 23-25 y modulo B-8 29 de Mercamadrid. Catalogo con tomates gourmet, uva sin semilla, aguacate, granada e importacion aerea. Servicio de consultoria y coaching al sector hortofruticola. Facturacion +12 por ciento interanual segun registros mercantiles.;desconocido;desconocido;desconocido;desconocido;-;Esther Montes;Directora de Ventas;-;montes@hermanosmontes.com;email_generico;Es el perfil exacto: marca propia premium y red de fruterias gourmet. Los microbrotes y flores comestibles de Rootflow encajan en La Froutique como categoria de altisimo margen por kg y refuerzan su relato de lujo. Marca blanca La Froutique disponible desde el dia uno.;Plantilla pequena (aprox. 6 empleados en registro), capacidad de ticket por confirmar.;ninguno;82;A;alta;https://asociados.asomafrut.com/detalle?tb_empresa_id_empresa=29;https://es.linkedin.com/company/hermanos-montes-sa;2026-09-21;nuevo
A1A-003;Frutas Tellez S.A.;cadena_valor;mayorista_hierbas_aromaticas;Espana;Madrid;https://asociados.asomafrut.com/detalle?tb_empresa_id_empresa=40;Dos generaciones de mayoristas en Mercamadrid nave F. ESPECIALIZADA EN HIERBAS AROMATICAS con surtido de quince variedades (albahaca, ligustico, salicornia, citronella) mas IV y V gama y producto de proximidad. Es el mayorista de Mercamadrid mas cercano a la categoria de Rootflow.;Ficha ASOMAFRUT: especializacion declarada en hierbas aromaticas, campanas de melocoton de Calanda El Miguelico y freson de Palos de la Frontera, IV y V gama, productos de proximidad.;desconocido;desconocido;desconocido;desconocido;-;Jose Tellez Illana;Gerente;-;frutastellez@frutastellez.com;email_generico;Ya ha construido un negocio de alto margen sobre hierbas aromaticas de bajo volumen: los microbrotes y las flores comestibles son la extension natural de esa linea. Rootflow aporta produccion propia en Madrid bajo pedido frente a la albahaca importada, y marca blanca Tellez.;Empresa pequena de puesto de mercado. Capacidad de ticket no verificada.;ninguno;80;A;alta;https://asociados.asomafrut.com/detalle?tb_empresa_id_empresa=40;https://asociados.asomafrut.com/ficheros/aso_espanol_baja.pdf;2026-09-21;nuevo
A1A-004;Riaza-Azair S.L.;cadena_valor;mayorista_verdura_cuarta_gama;Espana;Madrid;https://www.riaza-azair.com;Mayorista de verdura y hortaliza en naves C y D con marca propia de cogollos XUGUX, hierbas aromaticas en catalogo y una linea muy desarrollada de cuarta gama (canonigo, escarola, rucula, mezclum de lechugas, berro de Huerta Peralta).;Ficha ASOMAFRUT con catalogo detallado que incluye hierbas aromaticas, mezclum, berro y setas shi-take. Gerente y comercial identificados.;desconocido;desconocido;desconocido;desconocido;-;Juan Riaza Riaza;Gerente;-;-;formulario_web;Su cliente es el que compra mezclum y brotes tiernos: los microbrotes de Rootflow suben el ticket medio de esa misma cesta. Cosecha bajo pedido en Las Rozas con entrega 24-48 h y marca propia XUGUX en formato microbrote.;Email publico generico no disponible. Tamano no verificado.;ninguno;77;A;alta;https://asociados.asomafrut.com/detalle?tb_empresa_id_empresa=69;https://asociados.asomafrut.com/ficheros/aso_espanol_baja.pdf;2026-09-21;nuevo
A1A-005;Laumont S.L.;cadena_valor;mayorista_gourmet_trufa_setas;Espana;Madrid;https://www.laumont.es;Mayorista especializado exclusivamente en trufas y setas silvestres, con delegacion propia en Mercamadrid nave F y equipo comercial dedicado que asesora al cliente. Es el referente espanol de producto gourmet de alta rotacion en valor y baja en kilos.;Ficha ASOMAFRUT: boletus edulis, trufa melanosporum, niscalo, chantarela. Fresco, congelado, deshidratado y conserva. Cuatro comerciales identificados en Madrid.;desconocido;desconocido;desconocido;desconocido;-;Jose Maria Gonzalez;Director Comercial Madrid;-;madrid@laumont.es;email_generico;Vende exactamente al mismo chef y con la misma logica de euro por gramo. Microbrotes y flores comestibles completan su cesta gourmet sin canibalizar la trufa, y Rootflow le da produccion en Madrid en vez de importacion. Encaje evidente de marca blanca Laumont.;Sede corporativa fuera de Madrid (Lleida). La decision de inversion puede no ser local.;ninguno;78;A;alta;https://asociados.asomafrut.com/detalle?tb_empresa_id_empresa=55;https://asociados.asomafrut.com/ficheros/aso_espanol_baja.pdf;2026-09-21;nuevo
A1A-006;Frutas Bouhaben S.L.;cadena_valor;mayorista_hortaliza_especialidad;Espana;Madrid;https://www.frutasbouhaben.com;Mayorista familiar de naves B y B-8 cuyo catalogo declarado son remolacha, rabanitos, fruta de hueso y HIERBAS AROMATICAS. Importa, exporta y reparte a establecimientos. Remolacha y rabano son dos de las catorce variedades que cultiva Rootflow.;Ficha ASOMAFRUT con catalogo de remolacha, rabanitos y hierbas aromaticas. Servicios de importacion, exportacion y reparto a establecimientos.;desconocido;desconocido;desconocido;desconocido;-;Ismael Bouhaben;Departamento Comercial;-;-;formulario_web;Vende remolacha y rabano en producto adulto: Rootflow le da la version microbrote de su propio catalogo, con margen por kg entre diez y veinte veces superior y sin cambiar de cliente. Reparte ya a establecimientos, asi que la logistica existe.;Solo email de contacto personal publicado. Tamano no verificado.;ninguno;76;A;alta;https://asociados.asomafrut.com/detalle?tb_empresa_id_empresa=24;https://asociados.asomafrut.com/ficheros/aso_espanol_baja.pdf;2026-09-21;nuevo
A1A-007;Palacios Roca S.A.;cadena_valor;mayorista_cuarta_gama_cadenas;Espana;Madrid;https://palaciosroca.com;Distribuidor mayorista de nave B especializado en servicio a cadenas, con linea propia de zumos, frutas cortadas y BROTES TIERNOS en cuarta gama. Presidente y departamento comercial identificados.;Ficha ASOMAFRUT: cuarta gama con brotes tiernos, zumos y frutas cortadas, uva de mesa, nuez y castana. Cinco puestos en nave B.;desconocido;desconocido;desconocido;desconocido;-;Felix Palacios;Presidente;-;administracion@palaciosroca.com;email_generico;Ya tiene brotes tiernos en su linea de cuarta gama, es decir ya compra la categoria fuera. Rootflow sustituye ese suministro por produccion propia en Madrid con cosecha bajo pedido y sin merma de stock, y abre la version premium para sus cadenas.;Cliente principal son cadenas de distribucion, con presion de precio.;ninguno;76;A;alta;https://asociados.asomafrut.com/detalle?tb_empresa_id_empresa=66;https://asociados.asomafrut.com/ficheros/aso_espanol_baja.pdf;2026-09-21;nuevo
A1A-008;Frutas Pinto Piris S.L.;cadena_valor;mayorista_tomate_premium;Espana;Madrid;https://asociados.asomafrut.com/detalle?tb_empresa_id_empresa=36;Mayorista de nave F posicionado integramente en producto premium de nicho: tomate Raf, tomate purpura, tomate rosa de Barbastro y esparragos. No compite en volumen sino en diferenciacion, el perfil exacto que describe el criterio de puntuacion.;Ficha ASOMAFRUT con productos destacados tomate Raf, tomate purpura, tomate rosa de Barbastro y esparragos. Administrador identificado.;desconocido;desconocido;desconocido;desconocido;-;Blas Vilchez Pastrana;Administrador;-;frutaspintopiris@gmail.com;email_generico;Su cliente paga por singularidad, no por kilo. Microbrotes y flores comestibles de Las Rozas son el mismo argumento de venta que su tomate rosa de Barbastro y le permiten cerrar el emplatado completo del chef.;Empresa de un solo puesto. Capacidad de ticket probablemente baja.;ninguno;75;A;alta;https://asociados.asomafrut.com/detalle?tb_empresa_id_empresa=36;https://asociados.asomafrut.com/ficheros/aso_espanol_baja.pdf;2026-09-21;nuevo
A1A-009;Cultivar S.A.U.;cadena_valor;importador_mayorista_marca_propia;Espana;Madrid;https://www.cultivar.net;Importador y mayorista de nave F con seis puestos y marcas propias Exotica Premium y Cozumel. Su catalogo publicado incluye explicitamente mini verduras, GERMINADOS y hierbas, ademas de especialidades de patata ratte y violeta.;Ficha ASOMAFRUT: marca propia Exotica Premium y Cozumel, distribuidor de Perlim, Zespri, Del Monte y Primaflor. Catalogo con germinados y hierbas. Importa de mas de veinte paises.;desconocido;desconocido;desconocido;desconocido;-;Sandra Sitjar;Direccion comercial;-;cultivar@cultivar.net;email_generico;Ya vende germinados y hierbas dentro de su gama premium, todos de importacion. Rootflow le convierte esa linea en KM 0 Madrid con 24-48 h desde cosecha y marca Exotica Premium. Ademas distribuye Primaflor, socio ya en conversacion con Rootflow.;Filial de grupo importador grande, la decision puede requerir comite. Distribuye Primaflor, posible solape con la negociacion en curso.;ninguno;72;B;alta;https://asociados.asomafrut.com/detalle?tb_empresa_id_empresa=13;https://asociados.asomafrut.com/ficheros/aso_espanol_baja.pdf;2026-09-21;nuevo
A1A-010;Central Dica S.A.U. - Grupo L C;cadena_valor;mayorista_grupo_familiar;Espana;Madrid;https://www.grupolc.com;Grupo familiar fundado en 1974 por Lorenzo Carrasco, con los dos hijos en el negocio. Presencia en Mercabarna y Mercamadrid y produccion propia en Cadiz: integracion vertical documentada. Discurso explicito de innovacion.;Ficha ASOMAFRUT: nave C puestos 26-30. Produccion propia de coliflor y broli en Cadiz. Exportacion a Europa, Emiratos y Asia. Director comercial y comercial identificados.;desconocido;desconocido;desconocido;desconocido;-;Emilio Carrillo;Director Comercial;-;dicamadrid@grupolc.com;email_generico;Integracion vertical ya demostrada (produccion propia en Cadiz). Rootflow es la via rapida de anadir una categoria premium de interior en Madrid sin invertir en campo, con marca blanca Grupo L C y control de suministro via capital.;Grupo de tamano medio-alto con sede de decision compartida entre Barcelona y Madrid.;ninguno;71;B;alta;https://asociados.asomafrut.com/detalle?tb_empresa_id_empresa=7;https://asociados.asomafrut.com/ficheros/aso_espanol_baja.pdf;2026-09-21;nuevo
A1A-011;Guerrero Fresh Company S.L.;cadena_valor;mayorista_especialidades;Espana;Madrid;https://guerrero-fc.com;Mayorista de frutas, hortalizas y frutos secos con puestos en naves C y E. CEO y Director Financiero publicamente identificados, lo que facilita una entrada directa sin intermediarios. Catalogo con datil en todas sus variedades y nuez de todos los origenes.;Ficha ASOMAFRUT: naves C 13-19 y E 56-58. Productos destacados pina, mango, papaya, fresa, cerezas, citricos, tomate, coliflor, broli, nuez y datil.;desconocido;desconocido;desconocido;desconocido;-;Antonio Guerrero;CEO;-;info@guerrero-fc.com;email_generico;Empresa mediana con CEO accesible y CFO propio: el perfil que decide un ticket de 50-100 k sin comite. Los microbrotes le dan una categoria de margen por kg que hoy no tiene y una marca blanca Guerrero para hosteleria.;Sin evidencia publica de inversion previa en terceros.;ninguno;70;B;alta;https://asociados.asomafrut.com/detalle?tb_empresa_id_empresa=79;https://asociados.asomafrut.com/ficheros/aso_espanol_baja.pdf;2026-09-21;nuevo
A1A-012;Cia Fru and Ver Madrid S.L.;cadena_valor;mayorista_familiar_ecologico;Espana;Madrid;https://fruiver.com;Empresa familiar (dos gerentes Carrasco) con seis puestos en nave A y cuatro modulos en B-8. Catalogo amplio con linea ecologica y exoticos declarada. Marca y web propias.;Ficha ASOMAFRUT: nave A puestos 20-30 y B-8 modulos 25-28. Comercializa ecologico, exoticos y toda la gama de fruta.;desconocido;desconocido;desconocido;desconocido;-;Ivan Carrasco Gomez;Gerente;-;info@fruiver.com;email_generico;Dos gerentes de la misma familia deciden rapido. Su linea ecologica y de exoticos es donde encaja un microbrote premium de Madrid, con entrega en 24-48 h y marca blanca Fru and Ver.;Sin evidencia de actividad inversora.;ninguno;68;B;alta;https://asociados.asomafrut.com/detalle?tb_empresa_id_empresa=9;https://asociados.asomafrut.com/ficheros/aso_espanol_baja.pdf;2026-09-21;nuevo
A1A-013;Frutas E. Sanchez S.L.;cadena_valor;mayorista_productor_exportador;Espana;Madrid;https://frutasesanchez.com;Mayorista de capital cien por cien familiar con PRODUCCION PROPIA, importacion y exportacion. Mas de medio siglo y varias generaciones. Ocupa puestos en naves B, C, D y J-2: uno de los mayores operadores de Mercamadrid.;Ficha ASOMAFRUT: produccion propia, cuarta gama de ensaladas y gazpachos, linea ecologica. Director Comercial y Directora Internacional de la familia Sanchez identificados.;desconocido;desconocido;desconocido;desconocido;-;Ernesto Sanchez Miranda;Director Comercial;-;frutas@frutasesanchez.com;email_generico;Ya es productor ademas de mayorista: entiende el valor de controlar el origen. Rootflow le anade una finca de interior en Madrid que produce todo el ano sin estacionalidad, con marca blanca E. Sanchez para su cuarta gama.;Empresa grande, puede exigir mas control del que los fundadores ofrecen.;ninguno;68;B;alta;https://asociados.asomafrut.com/detalle?tb_empresa_id_empresa=26;https://asociados.asomafrut.com/ficheros/aso_espanol_baja.pdf;2026-09-21;nuevo
A1A-014;Frutas Hermanos Ruiz Gomez S.L.;cadena_valor;distribuidor_horeca_colectividades;Espana;Madrid;https://frutashrg.com;Mayorista de nave F con almacen propio en el Centro de Transportes de Madrid y flota de una veintena de vehiculos refrigerados. Certificada ISO 9001:2015. Sirve hospitales y centros de la Comunidad de Madrid, empresas de restauracion, colegios y residencias.;Ficha ASOMAFRUT: cinco puestos en nave F, direccion exterior en CTM Villaverde, flota refrigerada propia, certificacion ISO 9001. Cuarta gama y ecologico en catalogo.;desconocido;desconocido;desconocido;desconocido;-;Raquel Canizares;Administracion;-;frutashrg@frutashrg.com;email_generico;Tiene la capilaridad logistica que a Rootflow le falta: veinte camiones refrigerados y contratos con restauracion colectiva. Rootflow le aporta el producto premium diferencial y, entrando en capital, el suministro exclusivo.;Cliente institucional con licitaciones, sensible a precio.;ninguno;67;B;alta;https://asociados.asomafrut.com/detalle?tb_empresa_id_empresa=30;https://asociados.asomafrut.com/ficheros/aso_espanol_baja.pdf;2026-09-21;nuevo
A1A-015;Hermanos Bonilla Rollan S.L.;cadena_valor;mayorista_tropical_marca_premium;Espana;Madrid;https://hermanosbonilla.com;Mayorista de nave B con MARCA PREMIUM PROPIA La Tentacion by Dibotropic para aguacate y Bocado Tropical para pina, mango y papaya. Distribucion exclusiva en zona Centro de varias marcas productoras. Administrador de la familia identificado.;Ficha ASOMAFRUT: marcas propias La Tentacion y Bocado Tropical, distribucion exclusiva zona Centro de Fresh Fruits International Trade, Warakko, Axarfruit, Perez Zara y Natural Tropic.;desconocido;desconocido;desconocido;desconocido;-;Cesar Bonilla;Administrador;-;info@hermanosbonilla.com;email_generico;Ya sabe construir y defender marca premium propia y negociar exclusivas de zona Centro: exactamente la operacion que Rootflow propone. Microbrotes y flores comestibles bajo su marca, con exclusiva Madrid asegurada via capital.;Concentrado en tropicales, categoria distinta a la de Rootflow.;ninguno;67;B;alta;https://asociados.asomafrut.com/detalle?tb_empresa_id_empresa=48;https://asociados.asomafrut.com/ficheros/aso_espanol_baja.pdf;2026-09-21;nuevo
A1A-016;Casa Noya S.L.;cadena_valor;mayorista_familiar_historico;Espana;Madrid;https://www.casanoya.es;Empresa familiar fundada en 1926 en la Plaza de la Cebada, con mas de 90 anos de historia y administradora de la tercera generacion. Nave E puesto 37. Tres comerciales especializados por familia de producto.;Ficha ASOMAFRUT con catalogo de verduras de hoja, champinon y shitake, fruta de hueso y citricos. Administradora Julia Noya Fernandez identificada.;desconocido;desconocido;desconocido;desconocido;-;Julia Noya Fernandez;Administradora;-;info@casanoya.es;email_generico;Empresa familiar consolidada y con relato de marca de cien anos: un producto vivo de Madrid encaja en ese discurso. Rootflow le da exclusividad de categoria y marca blanca Casa Noya para su clientela de verdura de hoja.;Mayorista clasico sin evidencia de diversificacion reciente.;ninguno;66;B;alta;https://asociados.asomafrut.com/ficheros/aso_espanol_baja.pdf;https://asociados.asomafrut.com/ficheros/aso_espanol_baja.pdf;2026-09-21;nuevo
A1A-017;Frutas Trobo de Roa S.L.;cadena_valor;mayorista_cuarta_gama_marca_propia;Espana;Madrid;https://www.frutastrobo.com;Mayorista de nave F con MARCA PROPIA de cuarta gama Frujuca Comida Sana y web dedicada. Gerente identificado. Fruta cortada lista para consumir: modelo de negocio de valor anadido, no de commodity.;Ficha ASOMAFRUT: cuarta gama de fruta cortada, marca Frujuca con dominio propio frujucacomidasana.com. Gerente Juan Carlos Trujillo.;desconocido;desconocido;desconocido;desconocido;-;Juan Carlos Trujillo;Gerente;-;-;formulario_web;Ya ha lanzado marca propia de valor anadido (Frujuca). Microbrotes y flores comestibles son el siguiente escalon de margen sobre la misma logica de producto preparado y listo para emplatar.;Email publico solo en formato personal. Empresa pequena.;ninguno;65;B;alta;https://asociados.asomafrut.com/detalle?tb_empresa_id_empresa=41;https://www.frujucacomidasana.com;2026-09-21;nuevo
A1A-018;Frutas Avalon S.L.U.;cadena_valor;mayorista_familiar_marca_propia;Espana;Madrid;https://www.frutasavalon.com;Empresa familiar de tres generaciones en nave F que en 2021 lanzo su primera MARCA COMERCIAL PROPIA Bacanal Fruta, centrada en guayaba, carambola, pitahaya y aguacates de piel lisa. Paga a proveedores por transferencia con pronto pago.;Ficha ASOMAFRUT: marca Bacanal Fruta con web propia bacanalfrutel.com. Apoyo declarado al producto tropical andaluz y levantino. Dos responsables San Martin identificados.;desconocido;desconocido;desconocido;desconocido;-;Deborah San Martin;Direccion;-;deborah@frutasavalon.com;formulario_web;Ya ha demostrado que sabe lanzar marca propia (Bacanal, 2021) y defiende el producto nacional frente al importado: el mismo argumento de Rootflow. Producto vivo de Madrid bajo marca Bacanal.;Empresa pequena de un puesto. Emails publicados en formato personal.;ninguno;65;B;alta;https://asociados.asomafrut.com/detalle?tb_empresa_id_empresa=23;https://www.bacanalfrutel.com;2026-09-21;nuevo
A1A-019;Verduras Marcafruit S.L.;cadena_valor;mayorista_familiar_especialidades;Espana;Madrid;https://marcafruit.com;Empresa familiar con mas de 35 anos, PRODUCCION PROPIA e importacion, especializada en nichos de alto valor: judias verdes, pimiento de padron, esparrago triguero, piparras y guindilla vasca. Fundador, Directora General y Directora Comercial de la familia Rodriguez identificados.;Ficha ASOMAFRUT: nave D 55-57 y B-8 modulos 31-33. Produccion propia, importacion de Marruecos, Senegal y Peru, exportacion. Especialidad declarada en guindilla vasca y pimiento de padron.;desconocido;desconocido;desconocido;desconocido;-;Marta Rodriguez;Directora General;-;marcafruit@marcafruit.com;email_generico;Su negocio ya es de especialidad de alto valor por kilo y con produccion propia. Los microbrotes son la misma jugada sin necesidad de campo, con entrega en 24-48 h en Madrid y marca blanca Marcafruit.;Sin evidencia de actividad inversora previa.;ninguno;65;B;alta;https://asociados.asomafrut.com/detalle?tb_empresa_id_empresa=73;https://asociados.asomafrut.com/ficheros/aso_espanol_baja.pdf;2026-09-21;nuevo
A1A-020;Frutas Perichan S.L.;cadena_valor;mayorista_cuarta_gama_agricola;Espana;Madrid;https://perichan.com;Mayorista de nave D con ocho puestos, especializado en tomate, pepino, judia, LECHUGA ICEBERG y CUARTA GAMA. Vinculado a Agricola Perichan, es decir con produccion propia asociada.;Ficha ASOMAFRUT: ocho puestos en nave D, cuarta gama y productos tropicales, perfil de Instagram agricolaperichan que evidencia la rama productora.;desconocido;desconocido;desconocido;desconocido;-;Fernando Mendez Raja;Direccion comercial;-;frutasperichan@perichan.com;email_generico;Especialista en cuarta gama y hoja: su cliente ya paga por producto lavado y listo. El microbrote es la extension premium de esa misma linea con margen muy superior.;Sin evidencia de actividad inversora previa.;ninguno;64;B;alta;https://asociados.asomafrut.com/detalle?tb_empresa_id_empresa=35;https://asociados.asomafrut.com/ficheros/aso_espanol_baja.pdf;2026-09-21;nuevo
A1A-021;Salto a Origen S.L.;cadena_valor;mayorista_setas_exoticos;Espana;Madrid;https://www.mercajara.com;Mayorista de nave C especializado en SETAS Y CHAMPINONES y fruta exotica, vinculado al grupo Mercajara. Perfil de especialista en producto de nicho y no de volumen.;Ficha ASOMAFRUT: nave C puestos 27-29, especialista declarado en setas y champinones y productos exoticos. Comercial y responsable de administracion identificados.;desconocido;desconocido;desconocido;desconocido;-;Eriz Lopez Aguado;Comercial;-;administracion@saltoaorigen.eu;email_generico;Las setas y el microbrote comparten cliente (chef) y logica de margen. Rootflow le completa la gama de emplatado con producto cultivado en Madrid y entrega en 24-48 h.;Empresa pequena. Vinculacion a grupo externo puede ralentizar la decision.;ninguno;63;B;alta;https://asociados.asomafrut.com/detalle?tb_empresa_id_empresa=82;https://asociados.asomafrut.com/ficheros/aso_espanol_baja.pdf;2026-09-21;nuevo
A1A-022;Frutas Asturias S.A.;cadena_valor;mayorista_integrado_retail;Espana;Madrid;https://www.frutasasturias.com;Mayorista desde 1983 con tres puestos en nave D, dos modulos auxiliares y VARIAS TIENDAS PROPIAS en Madrid: integracion vertical mayorista-minorista documentada. Sirve supermercados, corredores, detallistas, colectividades y restauracion.;Ficha ASOMAFRUT: nave D 17-21 y J-2 modulos 7-8, mas tiendas propias en Madrid. Web corporativa activa.;desconocido;desconocido;desconocido;desconocido;-;-;-;-;infoasturias@frutasasturias.com;email_generico;Tiene canal mayorista y minorista propio: puede colocar el microbrote a chef y a consumidor final. Marca blanca Frutas Asturias para sus tiendas y suministro exclusivo via capital.;Sin persona de contacto directivo publicada.;ninguno;62;B;alta;https://asociados.asomafrut.com/detalle?tb_empresa_id_empresa=22;https://asociados.asomafrut.com/ficheros/aso_espanol_baja.pdf;2026-09-21;nuevo
A1A-023;Frutas Fidalgo S.L.;cadena_valor;mayorista_familiar_fruta_premium;Espana;Madrid;https://frutasfidalgo.com;Empresa familiar de nave C con cuatro miembros de la familia Fidalgo en el equipo comercial. Catalogo de especialidad (tomate cherry en rama, esparrago verde, pimiento de padron, kiwi Zespri y Gold) y servicio de reparto propio.;Ficha ASOMAFRUT: nave C puestos 8-10 y modulo B-8 34. Cuatro comerciales Fidalgo identificados. Ofrece distribucion y reparto de mercancias.;desconocido;desconocido;desconocido;desconocido;-;Jose Antonio Fidalgo;Comercial;-;frutasfidalgo@frutasfidalgo.com;email_generico;Cuatro hermanos al frente: decision familiar rapida sin comite. Su catalogo de especialidad y su reparto propio permiten introducir microbrotes de Madrid en 24-48 h.;Sin evidencia de actividad inversora previa.;ninguno;62;B;alta;https://asociados.asomafrut.com/detalle?tb_empresa_id_empresa=27;https://asociados.asomafrut.com/ficheros/aso_espanol_baja.pdf;2026-09-21;nuevo
A1A-024;Madremia S.L.;cadena_valor;mayorista_familiar;Espana;Madrid;https://madremia.es;Mayorista de nave B dirigido por dos hermanos Sancho Landete, especializado en citricos y kakis con marca y web propias. Certificaciones publicadas.;Ficha ASOMAFRUT: nave B puestos 56-58, dos gerentes de la familia Sancho, sellos y certificados.;desconocido;desconocido;desconocido;desconocido;-;Miguel Sancho Landete;Gerente;-;mercamadrid@madremia.es;email_generico;Dos hermanos gerentes deciden en semanas. Marca propia ya construida a la que anadir la categoria premium de microbrotes con entrega en 24-48 h desde Las Rozas.;Especializado en citricos, categoria alejada del microbrote.;ninguno;60;B;alta;https://asociados.asomafrut.com/detalle?tb_empresa_id_empresa=57;https://asociados.asomafrut.com/ficheros/aso_espanol_baja.pdf;2026-09-21;nuevo
A1A-025;Manguan S.L.;cadena_valor;mayorista_familiar_marca_propia;Espana;Madrid;https://www.manguanehijos.com;Empresa familiar con MARCA PROPIA Naranjas BENI (melon y citricos) y seis puestos entre naves A y D. Director Comercial y Gerente de la familia Manguan. Catalogo con ecologicos y cuarta gama.;Ficha ASOMAFRUT: marca BENI para melon y clementina, ecologicos y cuarta gama, esparrago y alcachofa. Dos directivos Manguan identificados.;desconocido;desconocido;desconocido;desconocido;-;Eugenia Manguan;Gerente;-;eugenia@manguanehijos.com;formulario_web;Marca propia consolidada y estructura familiar de decision corta. Los microbrotes amplian su cuarta gama con el mayor margen por kg del mostrador.;Emails publicados en formato personal.;ninguno;60;B;alta;https://asociados.asomafrut.com/detalle?tb_empresa_id_empresa=58;https://asociados.asomafrut.com/ficheros/aso_espanol_baja.pdf;2026-09-21;nuevo
A1A-026;Don Melon S.L.;cadena_valor;mayorista_productor_familiar;Espana;Madrid;https://donmelon.com;Empresa familiar fundada en 1989 por Francisco Garcia Roldan con INSTALACIONES PROPIAS DE 8.000 m2 EN VILLACONEJOS (Madrid) y dos puestos en nave F. Integracion vertical produccion-manipulacion-mayorista dentro de la Comunidad de Madrid. Linea de cuarta gama.;Ficha ASOMAFRUT: nave F puestos 41-43, planta propia en Villaconejos desde 1991, cuarta gama, certificados y sellos.;desconocido;desconocido;desconocido;desconocido;-;-;-;-;donmelon@telefonica.net;email_generico;Unico del censo con planta propia dentro de la Comunidad de Madrid: comparte con Rootflow la tesis de KM 0 madrileno. Puede sumar los microbrotes a su cuarta gama y asegurar exclusiva via capital.;Negocio estacional concentrado en melon y sandia. Sin directivo publicado.;ninguno;60;B;alta;https://asociados.asomafrut.com/detalle?tb_empresa_id_empresa=15;https://asociados.asomafrut.com/ficheros/aso_espanol_baja.pdf;2026-09-21;nuevo
A1A-027;Lorenzo Izquierdo S.L.;cadena_valor;mayorista_transformador_familiar;Espana;Madrid;https://www.lorenzoizquierdo.com;Empresa familiar con mas de 60 anos especializada en comercio, TRANSFORMACION Y ENVASADO de producto hortofruticola. Distribuye a nivel nacional y sirve a supermercados, detallistas y hosteleria. Nave A puestos 4-6.;Ficha ASOMAFRUT: nave A, capacidad propia de transformacion y envasado, importacion de Francia, Holanda, Israel y Marruecos, certificados y sellos.;desconocido;desconocido;desconocido;desconocido;-;Jose Lorenzo Izquierdo;Direccion;-;mercamadrid@lorenzoizquierdo.com;email_generico;Tiene lineas de envasado propias: puede producir el formato marca blanca de microbrotes sin inversion adicional. Rootflow aporta el producto vivo y la exclusiva.;Especializado en patata y cebolla, commodity de bajo margen.;ninguno;58;B;alta;https://asociados.asomafrut.com/detalle?tb_empresa_id_empresa=56;https://asociados.asomafrut.com/ficheros/aso_espanol_baja.pdf;2026-09-21;nuevo
A1A-028;Ibrica de Patatas Selectas S.L.;cadena_valor;mayorista_hosteleria;Espana;Madrid;https://ibericadepatatas.es;Mayorista con puestos en naves B e I especializado en patata para HOSTELERIA (variedad agria especial hosteleria), cuarta gama de patata pelada y legumbres. Gerente y jefe de almacen identificados.;Ficha ASOMAFRUT: naves B 41-43 e I 39-41, cuarta gama, certificados y sellos. Especializacion declarada en hosteleria.;desconocido;desconocido;desconocido;desconocido;-;David Jimenez;Gerente;-;navei@ibericadepatatas.es;email_generico;Su cliente es el restaurante y ya compra cuarta gama. El microbrote es el complemento de emplatado natural sobre la misma ruta de reparto.;Commodity de bajo margen sin diferenciacion premium.;ninguno;57;B;alta;https://asociados.asomafrut.com/detalle?tb_empresa_id_empresa=53;https://asociados.asomafrut.com/ficheros/aso_espanol_baja.pdf;2026-09-21;nuevo
A1A-029;Victor Lazaro S.A.;cadena_valor;mayorista_hosteleria_cuarta_gama;Espana;Madrid;https://www.patatasvictorlazaro.com;Mayorista de nave E con reparto propio a fruterias y HOSTELERIA, cuarta gama y especialidades de patata violeta y ratte. Administrador de la familia Gutierrez Lazaro identificado.;Ficha ASOMAFRUT: nave E puestos 23-31, cuarta gama, patata violeta y ratte, distribucion a fruterias y hosteleria.;desconocido;desconocido;desconocido;desconocido;-;Fabio Gutierrez Lazaro;Administrador;-;administracion@patatasvictorlazaro.com;email_generico;Ya reparte a hosteleria y trabaja especialidades (violeta, ratte). Anadir microbrotes premium a esa misma furgoneta es margen incremental puro.;Nucleo de negocio en patata y cebolla, commodity.;ninguno;57;B;alta;https://asociados.asomafrut.com/detalle?tb_empresa_id_empresa=74;https://asociados.asomafrut.com/ficheros/aso_espanol_baja.pdf;2026-09-21;nuevo
A1A-030;Champinones Cumar S.L.U.;cadena_valor;mayorista_setas;Espana;Madrid;https://www.cumar.es;Mayorista de nave C especializado en champinon y setas, producto de cultivo en entorno controlado, la categoria adyacente mas proxima a la produccion indoor de Rootflow. Gerente identificado.;Ficha ASOMAFRUT: nave C puesto 32, especializacion en champinones, frutas, verduras, patatas y legumbres frescas.;desconocido;desconocido;desconocido;desconocido;-;Carlos Gomez;Gerente;-;juven@cumar.es;email_generico;El champinon es cultivo indoor en entorno controlado: entiende sin explicacion la tesis tecnica de Rootflow. Complemento natural de gama para el mismo chef.;Empresa pequena de un puesto.;ninguno;57;B;alta;https://asociados.asomafrut.com/detalle?tb_empresa_id_empresa=59;https://asociados.asomafrut.com/ficheros/aso_espanol_baja.pdf;2026-09-21;nuevo
A1A-031;Frutas Marpa S.L.;cadena_valor;mayorista_tropical_ecologico;Espana;Madrid;https://www.frutasmarpa.com;Mayorista de nave E con catalogo declarado de ECOLOGICOS Y TROPICALES de nicho (pitahaya amarilla y roja, guanabana, granadilla, tamarillo). Administrador y socia identificados. Ofrece reparto propio.;Ficha ASOMAFRUT: nave E puestos 36-38, ecologicos y tropicales, productos destacados de alta singularidad.;desconocido;desconocido;desconocido;desconocido;-;Oscar Enebral Prieto;Administrador;-;-;formulario_web;Vive de producto raro y caro por pieza: es exactamente el comprador natural de flores comestibles y microbrotes. Reparto propio ya montado.;Empresa pequena. Email publico solo en hotmail personal.;ninguno;57;B;alta;https://asociados.asomafrut.com/detalle?tb_empresa_id_empresa=32;https://asociados.asomafrut.com/ficheros/aso_espanol_baja.pdf;2026-09-21;nuevo
A1A-032;Melendez Market S.L.U.;cadena_valor;mayorista_patata_premium;Espana;Madrid;https://patatasmelendez.com;Mayorista de nave E de PATATA DE PRIMERA CALIDAD Y PREMIUM en todas sus variedades, con reparto a establecimientos y colegios. Dos hermanos Gutierrez Lopez en gerencia y ventas.;Ficha ASOMAFRUT: nave E puestos 32-34, posicionamiento premium declarado, marca Patatas Melendez con web propia.;desconocido;desconocido;desconocido;desconocido;-;Antonio Gutierrez Lopez;Gerente;-;melendez.market@melendezmarket.com;email_generico;Posicionamiento premium declarado en una categoria commodity: sabe vender calidad. Puede replicar la jugada con microbrotes de Madrid bajo marca Melendez.;Categoria muy alejada del producto de Rootflow.;ninguno;56;B;alta;https://asociados.asomafrut.com/detalle?tb_empresa_id_empresa=61;https://asociados.asomafrut.com/ficheros/aso_espanol_baja.pdf;2026-09-21;nuevo
A1A-033;Frutas Alomar S.A.;cadena_valor;mayorista_cuarta_gama;Espana;Madrid;https://www.frutasalomar.com;Mayorista con diez puestos en nave E y modulo en B-8, uno de los mayores ocupantes de la nave. Comercializa cuarta gama. Administradora identificada.;Ficha ASOMAFRUT: nave E puestos 13-44 y B-8 modulo 12, cuarta gama en catalogo.;desconocido;desconocido;desconocido;desconocido;-;Begona Lozano Atienzar;Administradora;-;contabilidad@frutasalomar.com;email_generico;Gran superficie de exposicion en nave E y linea de cuarta gama activa: puede dar volumen y visibilidad al microbrote desde el primer mes.;Sin diferenciacion premium declarada.;ninguno;56;B;alta;https://asociados.asomafrut.com/detalle?tb_empresa_id_empresa=20;https://asociados.asomafrut.com/ficheros/aso_espanol_baja.pdf;2026-09-21;nuevo
A1A-034;Centrimerca S.A.;cadena_valor;mayorista_importador_exportador;Espana;Madrid;http://www.centrimerca.es;Mayorista con puestos en naves B, C y B-8, con DIRECTORA EJECUTIVA identificada, certificaciones publicadas y actividad de importacion y exportacion en once paises. Estructura profesionalizada poco habitual en el mercado.;Ficha ASOMAFRUT: naves B 26-28, C 16-20 y B-8 35-37. Exporta a Francia, Italia, Portugal, Polonia, Marruecos y Argelia. Certificados y sellos.;desconocido;desconocido;desconocido;desconocido;-;Raquel Paradela Portillo;Directora Ejecutiva;-;centrimerca@centrimerca.es;email_generico;Estructura profesionalizada con Directora Ejecutiva: interlocutor unico para una operacion de capital. La categoria premium de Rootflow diferencia su oferta frente a mayoristas de puro volumen.;Sin evidencia de diferenciacion en producto gourmet.;ninguno;56;B;alta;https://asociados.asomafrut.com/detalle?tb_empresa_id_empresa=8;https://asociados.asomafrut.com/ficheros/aso_espanol_baja.pdf;2026-09-21;nuevo
A1A-035;Distribucion Horticola S.L. - Verdefrut;cadena_valor;distribuidor_regional;Espana;Madrid;https://verdefrut.es;Uno de los principales distribuidores de fruta y verdura de la Comunidad de Madrid, Toledo y Segovia, con puesto propio en nave A y jefes de compras y de ventas identificados. Opera junto a Verdefrut Marketing.;Ficha ASOMAFRUT: nave A puesto 44, cobertura declarada en Madrid, Toledo y Segovia. Jefe de compras y jefe de ventas identificados.;desconocido;desconocido;desconocido;desconocido;-;Juan Ramon Cruz;Jefe de ventas;-;almacen@dhoy.es;email_generico;Distribuidor regional con capilaridad real fuera de Mercamadrid: puede abrir a Rootflow toda la hosteleria de Madrid, Toledo y Segovia. Marca blanca Verdefrut disponible.;Sin evidencia de posicionamiento premium ni de actividad inversora.;ninguno;58;B;alta;https://asociados.asomafrut.com/detalle?tb_empresa_id_empresa=14;https://asociados.asomafrut.com/ficheros/aso_espanol_baja.pdf;2026-09-21;nuevo
A1A-036;Verdefrut Marketing S.L.;cadena_valor;distribuidor_regional;Espana;Madrid;https://www.verdefrut.es;Sociedad de comercializacion del grupo Distribucion Horticola, con dos puestos en nave A y el mismo equipo de compras y ventas. Vehiculo de marketing y marca del grupo.;Ficha ASOMAFRUT: nave A puestos 46-48, jefes de compras y ventas compartidos con Distribucion Horticola.;desconocido;desconocido;desconocido;desconocido;-;Angel Arevalo;Jefe de compras;-;almacen@dhoy.es;email_generico;Es el brazo de marketing y marca del grupo: el vehiculo natural para lanzar una marca blanca de microbrotes en Madrid, Toledo y Segovia.;Duplica estructura con Distribucion Horticola, misma decision.;ninguno;55;B;alta;https://asociados.asomafrut.com/detalle?tb_empresa_id_empresa=84;https://asociados.asomafrut.com/ficheros/aso_espanol_baja.pdf;2026-09-21;nuevo
A1A-037;Grupo Llusar Torres S.A.U. - Naranjas Torres;industrial_agro;productor_mayorista_premium;Espana;Almenara Castellon;https://www.naranjastorres.com;Productor y comercializador de Almenara (Castellon) especializado en CITRICOS DE ALTA GAMA y posicionado como MARCA PREMIUM desde su creacion. Delegaciones en Mercabarna, Mercamadrid, Mercabilbao y Mercazaragoza, con delegado propio en Madrid.;Ficha ASOMAFRUT: nave F puestos 9-13. Cultivo, seleccion, envasado y comercializacion propios. Marca Naranjas Torres con presencia digital amplia.;desconocido;desconocido;desconocido;desconocido;-;Francisco de la Gama;Delegado Madrid;-;mercamadrid@naranjastorres.com;email_generico;Integracion vertical completa y marca premium: entiende el valor de controlar origen y marca. Rootflow le permite entrar en una categoria premium complementaria sin invertir en campo.;Sede de decision en Castellon, no en Madrid.;ninguno;58;B;alta;https://asociados.asomafrut.com/detalle?tb_empresa_id_empresa=71;https://asociados.asomafrut.com/ficheros/aso_espanol_baja.pdf;2026-09-21;nuevo
A1A-038;Frutas Plasencia S.L.;industrial_agro;productor_mayorista_premium;Espana;Sagunto Valencia;https://frutasplasencia.com;Empresa familiar fundada en 1969 con sede de 15.000 m2 en Sagunto, produccion propia, importacion y exportacion. Se define como PRODUCCION, CONFECCION Y VENTA DE PRODUCTOS PREMIUM. Tres puestos en nave A de Mercamadrid con director comercial propio.;Ficha ASOMAFRUT: nave A puestos 8-12. Posicionamiento premium declarado, sede de 15.000 m2 en Sagunto, marcas Naranjas Plasencia.;desconocido;desconocido;desconocido;desconocido;-;Jose Francisco Amer Plasencia;Director Comercial;-;madrid@frutasplasencia.com;email_generico;Posicionamiento premium explicito e integracion vertical. La delegacion de Madrid puede pilotar el microbrote antes de escalarlo a Valencia y Barcelona.;Sede y decision en Sagunto, Valencia. No es empresa madrilena.;ninguno;57;B;alta;https://asociados.asomafrut.com/detalle?tb_empresa_id_empresa=37;https://asociados.asomafrut.com/ficheros/aso_espanol_baja.pdf;2026-09-21;nuevo
A1A-039;Frutaria Markets Madrid S.A.;industrial_agro;productor_mayorista_marcas_premium;Espana;Madrid;http://www.frutaria.com;Division agricola del grupo Samca con mas de 4.500 ha cultivadas y MARCAS PROPIAS DE LINEA PREMIUM (Regalin, Ondine, Candine, Frutaria Seleccion, Clemenmiel). Cinco puestos en nave F y almacen propio en Mercamadrid.;Ficha ASOMAFRUT: nave F puestos 3-10, almacen en calle 47. Gerente y Director Financiero identificados. Distribuidor de Zespri, Orsero y Bollo.;desconocido;desconocido;desconocido;desconocido;-;Antonio Juarez;Director Financiero;-;frutaria@frutaria.com;email_generico;Sabe crear y sostener lineas premium con marca propia. Un ticket de 50-100 k es irrelevante para su balance, y la categoria de microbrotes le da diferenciacion en su linea Frutaria Seleccion.;Filial de un gran grupo industrial (Samca): decision con comite y plazos largos.;ninguno;56;B;alta;https://asociados.asomafrut.com/detalle?tb_empresa_id_empresa=18;https://asociados.asomafrut.com/ficheros/aso_espanol_baja.pdf;2026-09-21;nuevo
A1A-040;Hermanos Fernandez Lopez S.A.U. - Grupo Fernandez;industrial_agro;mayorista_grupo_nacional;Espana;Barcelona;http://www.grupofernandez.es;Grupo familiar nacido en los 60 con 35 puestos mayoristas en los principales mercados de Espana, tres plataformas logisticas (Barcelona, Madrid, Alicante), cuatro centros de maduracion y lineas de envasado multiformato. 376 M de facturacion segun ranking sectorial.;Ficha ASOMAFRUT: nave B puestos 49-57 y B-8 modulos 13-17. Ranking eleconomista CNAE 4631: 376.437.851 euros de ventas.;desconocido;desconocido;desconocido;desconocido;-;Manuel Lucas;Responsable puestos Madrid;-;info@grupofernandez.es;email_generico;Tiene lineas de envasado multiformato y red nacional: podria industrializar la marca blanca de microbrotes. Encaje como adquirente estrategico mas que como inversor de 50-100 k.;Grupo grande con sede de decision en Barcelona y Alicante. Ticket minimo probablemente muy superior al de la ronda.;ninguno;52;C;alta;https://asociados.asomafrut.com/detalle?tb_empresa_id_empresa=49;https://ranking-empresas.eleconomista.es/sector-4631.html;2026-09-21;nuevo
A1A-041;Eurobanan Gamero S.L.;industrial_agro;mayorista_grupo_nacional;Espana;Madrid;https://eurobanan.com;Filial mayorista en Mercamadrid del grupo Eurobanan, principal conglomerado productor, importador y distribuidor hortofruticola de Espana y Portugal: 493 M de facturacion, mas de 1.000 empleados, 14 centros de distribucion. En Mercamadrid tiene 11 modulos, 80 empleados y 5.000 clientes al ano.;Ficha ASOMAFRUT: nave D puestos 39-53. Marcas Isla Bonita, Marlene, Coplaca, Zespri. Grupo Eurobanan SL figura en el puesto 8 del ranking nacional CNAE 4631 con 332.985.323 euros.;desconocido;desconocido;desconocido;desconocido;-;-;-;-;comunicacion@eurobanan.com;email_generico;Es el mayor comprador de producto fresco de Madrid y ya gestiona mas de 600 referencias con 30 marcas: sabe monetizar la categoria premium. Encaje como adquirente estrategico o como cliente ancla mas que como inversor semilla.;Grupo de 493 M con comite de inversion. Proceso largo, incompatible con el term sheet de 31 de octubre.;ninguno;52;C;alta;https://asociados.asomafrut.com/detalle?tb_empresa_id_empresa=3;https://ranking-empresas.eleconomista.es/sector-4631.html;2026-09-21;nuevo
A1A-042;Fruits CMR S.A. - CMR Group;industrial_agro;mayorista_grupo_internacional;Espana;Madrid;https://cmrgroup.es;Sede en Madrid del CMR Group, con central en Mercabarna y plataformas en Mercaleon, Perpignan (Francia), Ridderkerk (Paises Bajos) y produccion propia en Natal (Brasil). Nueve puestos en nave A y almacen central propio.;Ficha ASOMAFRUT: nave A puestos 7-23, almacen en nave H-5. Director Comercial y Director Administrativo identificados.;desconocido;desconocido;desconocido;desconocido;-;Jesus Lopez Sanchez;Director Comercial;-;cmr@cmrfruits.com;email_generico;Grupo internacional con produccion propia: comprende la integracion vertical. Puede abrir mercado frances y holandes al producto, pero la decision de capital no sera madrilena.;Decision corporativa en Barcelona. Mencion de CMR Infinita SA como extinguida en registros.;ninguno;50;C;alta;https://asociados.asomafrut.com/detalle?tb_empresa_id_empresa=10;https://asociados.asomafrut.com/ficheros/aso_espanol_baja.pdf;2026-09-21;nuevo
A1A-043;Nufri S.L.;industrial_agro;mayorista_grupo_industrial;Espana;Mollerussa Lleida;http://www.nufri.com;Delegacion en Mercamadrid (nave B, seis puestos) del grupo Nufri de Mollerussa, productor e industrial hortofruticola con transformacion propia. Director Gerente y comercial identificados en Madrid.;Ficha ASOMAFRUT: nave B puestos 29-39. Productos destacados manzana, banana, uva, kiwi y pina.;desconocido;desconocido;desconocido;desconocido;-;Carlos Rodriguez;Director Gerente;-;mad.admin@nufri.com;email_generico;Grupo industrial con capacidad de transformacion. Encaje como socio industrial a medio plazo, no como inversor semilla rapido.;Sede de decision en Lleida. Estructura de grupo grande.;ninguno;48;C;alta;https://asociados.asomafrut.com/detalle?tb_empresa_id_empresa=64;https://asociados.asomafrut.com/ficheros/aso_espanol_baja.pdf;2026-09-21;nuevo
A1A-044;Compagnie Fruitiere Espana Corp. S.A.U.;industrial_agro;filial_multinacional;Espana;Madrid;https://www.compagniefruitiere.fr/es;Filial espanola del grupo frances Compagnie Fruitiere, dedicada a produccion, maduracion y comercio mayorista. Parcela H 2-9 en Mercamadrid. Certificaciones IFS Food v7, IGP, GlobalGAP CoC, ecologico y Fairtrade.;Ficha ASOMAFRUT: nave Platanos modulo 3 y parcela H 2-9. Responsable de area y de administracion identificados. Certificaciones publicadas.;desconocido;desconocido;desconocido;desconocido;-;Daniel Marcos;Responsable de Area;-;infospain@fruitiere.es;email_generico;Certificaciones de sostenibilidad y comercio justo alineadas con el relato de impacto de Rootflow. Encaje bajo como inversor por ser filial de multinacional.;Multinacional francesa. Decision fuera de Espana y ticket minimo incompatible.;ninguno;42;C;alta;https://asociados.asomafrut.com/detalle?tb_empresa_id_empresa=78;https://asociados.asomafrut.com/ficheros/aso_espanol_baja.pdf;2026-09-21;nuevo
A1A-045;Frutinter S.L.;cadena_valor;filial_mayorista;Espana;Madrid;https://frutinter.com;Delegacion en Mercamadrid (nave D puesto 46) del grupo citricola Frutinter de Villarreal, con comercial propio identificado en Madrid.;Ficha ASOMAFRUT: nave D puesto 46. Jose Miguel Lopez como contacto comercial en Madrid.;desconocido;desconocido;desconocido;desconocido;-;Jose Miguel Lopez;Comercial Madrid;-;mercamadrid@frutinter.com;email_generico;Delegacion pequena de un grupo citricola: encaje como cliente mas que como inversor. Util para validar demanda del microbrote en el canal mayorista.;Sede y decision en Castellon. Categoria citricos, alejada del producto.;ninguno;44;C;alta;https://asociados.asomafrut.com/detalle?tb_empresa_id_empresa=45;https://asociados.asomafrut.com/ficheros/aso_espanol_baja.pdf;2026-09-21;nuevo
A1A-046;Riego Fresh Company S.L. - Riego Grupo;industrial_agro;productor_mayorista_platano;Espana;Madrid;https://www.riegogrupo.com;Productor de Platano de Canarias con maduracion, empaquetado y distribucion propios, y puestos en la nave de Platanos de Mercamadrid. Director General, Director Comercial y Administracion identificados.;Ficha ASOMAFRUT: nave Platanos puestos 2, 5 y 6. Produccion propia de platano de Canarias, certificados y sellos.;desconocido;desconocido;desconocido;desconocido;-;Jose Riego;Director General;-;info@riegogrupo.com;email_generico;Productor integrado que ya controla toda la cadena: entiende la tesis. Categoria muy alejada del microbrote, encaje bajo salvo como inversor financiero.;Negocio monoproducto en platano. Sin evidencia de interes en gourmet.;ninguno;46;C;alta;https://asociados.asomafrut.com/detalle?tb_empresa_id_empresa=70;https://asociados.asomafrut.com/ficheros/aso_espanol_baja.pdf;2026-09-21;nuevo
A1A-047;Fontestad Mayoristas de Citricos en Madrid S.L.;cadena_valor;filial_mayorista_citricos;Espana;Madrid;https://fontestad.com;Delegacion madrilena del grupo citricola valenciano Fontestad, con cuatro puestos en nave C y Director de Ventas propio. Catalogo amplio con tomate raf y tomate rosa.;Ficha ASOMAFRUT: nave C puestos 52-58. Director de Ventas Pedro de la Villa identificado. Servicio de exportacion.;desconocido;desconocido;desconocido;desconocido;-;Pedro de la Villa;Director de Ventas;-;macima@macima.es;email_generico;Trabaja tomate raf y rosa, es decir ya vende producto premium diferenciado. Encaje como cliente prescriptor mas que como inversor.;Sede de decision del grupo en Valencia.;ninguno;48;C;alta;https://asociados.asomafrut.com/detalle?tb_empresa_id_empresa=60;https://asociados.asomafrut.com/ficheros/aso_espanol_baja.pdf;2026-09-21;nuevo
A1A-048;Green Select S.L.;cadena_valor;mayorista_citricos_premium;Espana;Madrid;https://www.greenselect.es;Mayorista con puestos en naves B, E y B-8, posicionado en citricos de gama (clementina Orri, limon, granada) y fruta de hueso. Contacto comercial identificado.;Ficha ASOMAFRUT: nave B 19-27, nave E 14-18 y B-8 modulo 21. Productos destacados limon, clementina Orri, naranja de importacion, fruta de hueso y granada.;desconocido;desconocido;desconocido;desconocido;-;Rafael Nanez;Direccion comercial;-;-;formulario_web;Clementina Orri es una variedad club de alto valor: entiende el precio premium por variedad. Los microbrotes son la misma logica aplicada a hoja.;Email publico solo en formato personal. Sin evidencia de actividad inversora.;ninguno;54;C;alta;https://asociados.asomafrut.com/detalle?tb_empresa_id_empresa=63;https://asociados.asomafrut.com/ficheros/aso_espanol_baja.pdf;2026-09-21;nuevo
A1A-049;Hermanos Salas S.A.;cadena_valor;mayorista_familiar;Espana;Madrid;https://www.hermanossalas.com;Mayorista familiar con cinco puestos en nave A y presidente identificado. Catalogo de citricos, fruta de hueso, platano, setas y verduras.;Ficha ASOMAFRUT: nave A puestos 45-53. Presidente Jesus Salas Munoz identificado. Web corporativa activa.;desconocido;desconocido;desconocido;desconocido;-;Jesus Salas Munoz;Presidente;-;administracion@hsalas.es;email_generico;Presidente accesible y estructura familiar: decision rapida. Los microbrotes le dan una categoria de margen que hoy no tiene en el mostrador.;Sin diferenciacion premium declarada.;ninguno;54;C;alta;https://asociados.asomafrut.com/detalle?tb_empresa_id_empresa=50;https://asociados.asomafrut.com/ficheros/aso_espanol_baja.pdf;2026-09-21;nuevo
A1A-050;Hijos de Sinforoso Ramirez S.L.;cadena_valor;mayorista_familiar;Espana;Madrid;https://sinforosoramirez.com;Mayorista familiar de nave B (puestos 6-8) con catalogo completo de frutas, hortalizas, setas y exoticos. Gerente de la familia identificado.;Ficha ASOMAFRUT: nave B puestos 6-8, catalogo integral. Gerente Luis Miguel Ramirez identificado.;desconocido;desconocido;desconocido;desconocido;-;Luis Miguel Ramirez;Gerente;-;info@sinforosoramirez.com;email_generico;Empresa familiar de tamano medio con gerente accesible. Puede incorporar el microbrote como categoria diferencial frente al mayorista de al lado.;Mayorista generalista sin posicionamiento premium.;ninguno;53;C;alta;https://asociados.asomafrut.com/detalle?tb_empresa_id_empresa=51;https://asociados.asomafrut.com/ficheros/aso_espanol_baja.pdf;2026-09-21;nuevo
A1A-051;Moreno Huerta S.A.;cadena_valor;mayorista_verdura;Espana;Madrid;https://www.morenohuerta.es;Mayorista de nave B (puesto 17) centrado en champinon, brocoli, alcachofa y tomate. Gerente identificado y web corporativa activa.;Ficha ASOMAFRUT: nave B puesto 17. Productos destacados champinon, brocoli, alcachofas, tomates y manzanas. Gerente Daniel Moreno.;desconocido;desconocido;desconocido;desconocido;-;Daniel Moreno;Gerente;-;facturacion@morenohuerta.es;email_generico;Trabaja champinon (cultivo indoor) y verdura de hoja: cliente natural del microbrote para completar emplatado.;Empresa pequena de un puesto. Sin evidencia de diferenciacion.;ninguno;52;C;alta;https://asociados.asomafrut.com/detalle?tb_empresa_id_empresa=86;https://asociados.asomafrut.com/ficheros/aso_espanol_baja.pdf;2026-09-21;nuevo
A1A-052;Iberfrupa S.L.;cadena_valor;mayorista_verdura;Espana;Madrid;https://www.iberfrupa.es;Mayorista de nave C (puestos 12-14) y B-8, con importacion y exportacion propias. Gerente identificado.;Ficha ASOMAFRUT: nave C puestos 12-14 y B-8 modulos 4-5. Servicios de importacion y exportacion.;desconocido;desconocido;desconocido;desconocido;-;Jorge Canas Manzaneque;Gerente;-;oficina@iberfrupa.com;email_generico;Gerente unico y accesible. Rootflow le ofrece la unica categoria del mostrador con margen bruto por encima del 70 por ciento.;Catalogo de commodity (coliflor, repollo, tomate) sin diferenciacion.;ninguno;50;C;alta;https://asociados.asomafrut.com/detalle?tb_empresa_id_empresa=52;https://asociados.asomafrut.com/ficheros/aso_espanol_baja.pdf;2026-09-21;nuevo
A1A-053;Oterfrut S.L.;cadena_valor;mayorista_melon;Espana;Madrid;https://asociados.asomafrut.com/detalle?tb_empresa_id_empresa=65;Mayorista de nave C (puestos 49-53) con marca propia de melon Domi y reparto a establecimientos y colegios.;Ficha ASOMAFRUT: nave C puestos 49-53, marca de melon Domi, reparto a establecimientos y colegios.;desconocido;desconocido;desconocido;desconocido;-;-;-;-;oterfrut@oterfrut.com;email_generico;Tiene marca propia de producto (melon Domi) y ruta de reparto establecida: infraestructura lista para anadir microbrotes.;Negocio estacional. Sin directivo publicado.;ninguno;50;C;alta;https://asociados.asomafrut.com/detalle?tb_empresa_id_empresa=65;https://asociados.asomafrut.com/ficheros/aso_espanol_baja.pdf;2026-09-21;nuevo
A1A-054;Redondo Frutas y Hortalizas S.L.;cadena_valor;mayorista_citricos;Espana;Madrid;http://www.redondofrutas.com;Mayorista de nave D (puestos 24-28) con marcas propias de citricos Redondo y Begasita. Gerente de la familia identificado.;Ficha ASOMAFRUT: nave D puestos 24-28, marcas Redondo y Begasita para naranja y clementina.;desconocido;desconocido;desconocido;desconocido;-;Jose Maria Pellicer Redondo;Gerente;-;redondo@redondofrutas.com;email_generico;Ya gestiona dos marcas propias de citricos: sabe el valor de la marca. Puede replicarlo en microbrotes con marca blanca Redondo.;Categoria citricos, alejada del producto. Empresa pequena.;ninguno;50;C;alta;https://asociados.asomafrut.com/detalle?tb_empresa_id_empresa=68;https://asociados.asomafrut.com/ficheros/aso_espanol_baja.pdf;2026-09-21;nuevo
A1A-055;Horticolas Galegas S.L.U.;cadena_valor;mayorista_productor_verdura;Espana;Ourense;https://www.horticolasgalegas.es;Comercializadora vinculada a un sistema de produccion propio que garantiza frescura al consumidor final, con puesto en nave A de Mercamadrid. Discurso de frescura y servicio adaptado a cada cliente.;Ficha ASOMAFRUT: nave A puesto 55. Argumento comercial centrado en condiciones optimas de frescura y produccion propia.;desconocido;desconocido;desconocido;desconocido;-;Jose Domingo Rivero Salgado;Direccion;-;horticolas@horticolasgalegas.es;email_generico;Su argumento de venta es la frescura desde produccion propia, identico al de Rootflow. Encaje de relato, aunque la decision este en Galicia.;Sede en Ourense, no en Madrid. Presencia en Mercamadrid de un solo puesto.;ninguno;50;C;alta;https://asociados.asomafrut.com/detalle?tb_empresa_id_empresa=77;https://asociados.asomafrut.com/ficheros/aso_espanol_baja.pdf;2026-09-21;nuevo
A1A-056;Frutas A.Z. S.L.;cadena_valor;mayorista_distribucion_nacional;Espana;Madrid;http://www.frutas-az.es;Mayorista de nave A (siete puestos) y B-8 especializado en distribucion nacional, con marcas propias Carol y Picoc. Gerencia identificada.;Ficha ASOMAFRUT: nave A puestos 25-37 y B-8 modulos 2, 3 y 9. Marcas propias Carol y Picoc.;desconocido;desconocido;desconocido;desconocido;-;Jose Luis Marquez;Gerencia;-;gerencia@frutas-az.com;email_generico;Distribucion nacional con marcas propias: puede llevar el microbrote fuera de Madrid una vez validado. Marca blanca Carol disponible.;Perfil de volumen sin diferenciacion gourmet.;ninguno;52;C;alta;https://asociados.asomafrut.com/detalle?tb_empresa_id_empresa=19;https://asociados.asomafrut.com/ficheros/aso_espanol_baja.pdf;2026-09-21;nuevo
A1A-057;Frutas Santi S.L.;cadena_valor;mayorista_familiar;Espana;Madrid;https://frutassanti.es;Mayorista de nave B (puestos 22-24) y parcela B-8, con web propia y presencia en el censo del Banco de Alimentos de Madrid.;Directorio ASOMAFRUT (ficha 6) y buscador de empresas de Mercamadrid: nave B puestos 22-24 y parcela B-8.;desconocido;desconocido;desconocido;desconocido;-;-;-;-;frutassanti@frutassanti.es;email_generico;Mayorista familiar con web propia y marca reconocible. Rootflow le ofrece una categoria exclusiva de alto margen en el mismo mostrador.;Poca informacion publica sobre tamano y posicionamiento.;ninguno;50;C;alta;https://asociados.asomafrut.com/detalle?tb_empresa_id_empresa=6;https://www.mercamadrid.es/buscador-de-empresas/;2026-09-21;nuevo
A1A-058;Exotic Fresh S.L.U.;cadena_valor;mayorista_exoticos;Espana;Madrid;https://asociados.asomafrut.com/detalle?tb_empresa_id_empresa=87;Mayorista de nave F (puestos 12-14) especializado en producto exotico, categoria de alto precio por pieza y baja rotacion en kilos.;Directorio ASOMAFRUT (ficha 87) y buscador de empresas de Mercamadrid: nave F puestos 12 y 14.;desconocido;desconocido;desconocido;desconocido;-;-;-;-;info@exoticfresh.es;email_generico;Especialista en exotico: mismo cliente y misma estructura de margen que el microbrote y la flor comestible.;Empresa pequena con informacion publica escasa.;ninguno;52;C;alta;https://asociados.asomafrut.com/detalle?tb_empresa_id_empresa=87;https://www.mercamadrid.es/buscador-de-empresas/;2026-09-21;nuevo
A1A-059;Frutas Mayde S.L.;cadena_valor;mayorista_fruta_fresca;Espana;Madrid;https://asociados.asomafrut.com/detalle?tb_empresa_id_empresa=81;Mayorista de nave C (puestos 40-44) de frutas y hortalizas frescas, con contacto comercial identificado.;Ficha ASOMAFRUT 81: nave C puestos 40, 42 y 44. Laura Salas Alcobendas como contacto.;desconocido;desconocido;desconocido;desconocido;-;Laura Salas Alcobendas;Direccion comercial;-;info@frutasmayde.es;email_generico;Mayorista de tres puestos con interlocutor unico. Puede pilotar la categoria con riesgo minimo.;Informacion publica escasa. Sin posicionamiento diferencial.;ninguno;48;C;media;https://asociados.asomafrut.com/detalle?tb_empresa_id_empresa=81;https://asociados.asomafrut.com/ficheros/aso_espanol_baja.pdf;2026-09-21;nuevo
A1A-060;Frutas Niqui Madrid S.A.;cadena_valor;mayorista_importador;Espana;Madrid;https://niqui.es;Mayorista de nave D (puestos 2-4) con importacion de ambos hemisferios y surtido principalmente nacional. Incluye setas y exoticos.;Ficha ASOMAFRUT 33: nave D puestos 2 y 4, importacion de ambos hemisferios, setas y exoticos en catalogo.;desconocido;desconocido;desconocido;desconocido;-;-;-;-;mayorista@niqui.es;email_generico;Trabaja setas y exoticos: cliente natural del microbrote. Prioriza fruta nacional, relato compatible con el KM 0 de Rootflow.;Sin directivo publicado. Empresa pequena.;ninguno;48;C;alta;https://asociados.asomafrut.com/detalle?tb_empresa_id_empresa=33;https://asociados.asomafrut.com/ficheros/aso_espanol_baja.pdf;2026-09-21;nuevo
A1A-061;Frutas Remacha S.A.;cadena_valor;mayorista_generalista;Espana;Madrid;https://asociados.asomafrut.com/detalle?tb_empresa_id_empresa=38;Mayorista de nave F (puestos 32-36) con catalogo completo de frutas y hortalizas.;Ficha ASOMAFRUT 38: nave F puestos 32, 34 y 36. Contabilidad como contacto publicado.;desconocido;desconocido;desconocido;desconocido;-;-;-;-;contabilidad@frutasremacha.com;email_generico;Tres puestos en nave F junto a Tellez y Guillen Merca: entorno donde el microbrote ya circula. Oportunidad de no quedarse fuera de la categoria.;Sin posicionamiento diferencial ni directivo publicado.;ninguno;45;C;alta;https://asociados.asomafrut.com/detalle?tb_empresa_id_empresa=38;https://asociados.asomafrut.com/ficheros/aso_espanol_baja.pdf;2026-09-21;nuevo
A1A-062;Frutas Javier Martin S.L.;cadena_valor;mayorista_frutos_rojos;Espana;Madrid;https://asociados.asomafrut.com/detalle?tb_empresa_id_empresa=31;Mayorista de nave D (puestos 27-29) con catalogo de frutos rojos, setas cultivadas, niscalo, cuarta gama (rucula, espinaca, ensalada) y ecologicos.;Ficha ASOMAFRUT 31: nave D puestos 27 y 29. Cuarta gama con rucula y espinaca, setas y ecologicos. Administrador identificado.;desconocido;desconocido;desconocido;desconocido;-;Francisco Javier Martin;Administrador;-;jmartinsl@frutasjmartinsl.net;email_generico;Ya vende rucula, espinaca baby y setas: el microbrote es la evolucion premium de su propia cuarta gama, con margen muy superior.;Empresa pequena de dos puestos.;ninguno;54;C;alta;https://asociados.asomafrut.com/detalle?tb_empresa_id_empresa=31;https://asociados.asomafrut.com/ficheros/aso_espanol_baja.pdf;2026-09-21;nuevo
A1A-063;Frutas y Hortalizas Centurion S.L.;cadena_valor;mayorista_setas;Espana;Madrid;https://www.frutascenturion.es;Mayorista con puestos en naves D y F especializado en SETAS silvestres y cultivadas, ademas de hortaliza y citricos. Apoderado identificado. Registro sanitario publicado.;Ficha ASOMAFRUT 42: nave D puestos 6-8 y nave F puesto 46. Productos destacados setas, lechuga, aguacate, tomate y pimiento.;desconocido;desconocido;desconocido;desconocido;-;Antonio Esteban Badia;Apoderado;-;-;formulario_web;Especialista en setas silvestres: producto de temporada, alto precio y cliente chef. El microbrote le da la misma venta durante todo el ano.;Email publico solo en formato personal.;ninguno;54;C;alta;https://asociados.asomafrut.com/detalle?tb_empresa_id_empresa=42;https://asociados.asomafrut.com/ficheros/aso_espanol_baja.pdf;2026-09-21;nuevo
A1A-064;Frutas Antonio Gomez S.L.;cadena_valor;mayorista_familiar;Espana;Madrid;https://asociados.asomafrut.com/detalle?tb_empresa_id_empresa=21;Empresa familiar con 40 anos de presencia en Mercamadrid, nave C puesto 47. Catalogo de fresa, cereza, chirimoya y hortaliza. Gerente identificado.;Ficha ASOMAFRUT 21: nave C puesto 47, 40 anos en el mercado, distribuidor de platano Coplaca.;desconocido;desconocido;desconocido;desconocido;-;Antonio Gomez;Gerente;-;frutasajgomez@gmail.com;email_generico;Empresa familiar consolidada de un solo interlocutor. La categoria premium es su via de diferenciacion frente al vecino de puesto.;Empresa muy pequena. Capacidad de ticket dudosa.;ninguno;45;C;alta;https://asociados.asomafrut.com/detalle?tb_empresa_id_empresa=21;https://asociados.asomafrut.com/ficheros/aso_espanol_baja.pdf;2026-09-21;nuevo
A1A-065;Frutas Hermanos Berenguer S.L.;cadena_valor;mayorista_frutos_rojos;Espana;Madrid;https://asociados.asomafrut.com/detalle?tb_empresa_id_empresa=28;Mayorista de nave B (puestos 2-4) llevado por dos hermanos Berenguer Linares, ambos gerentes y comerciales. Destacan en fresa, arandano y frambuesa.;Ficha ASOMAFRUT 28: nave B puestos 2 y 4. Productos destacados fresa, tomate, sandia, arandano y frambuesa.;desconocido;desconocido;desconocido;desconocido;-;Sergio Berenguer Linares;Gerente y comercial;-;-;formulario_web;Dos hermanos al frente y especializacion en frutos rojos de alto precio por kilo: perfil receptivo a una categoria de margen aun mayor.;Emails publicados en dominios personales. Empresa pequena.;ninguno;48;C;alta;https://asociados.asomafrut.com/detalle?tb_empresa_id_empresa=28;https://asociados.asomafrut.com/ficheros/aso_espanol_baja.pdf;2026-09-21;nuevo
A1A-066;Missiwa Fruit S.L.;cadena_valor;mayorista_etnico_importador;Espana;Madrid;https://asociados.asomafrut.com/detalle?tb_empresa_id_empresa=62;Mayorista de nave E (puestos 9-11) especializado en producto de Marruecos, tropicales y etnicos, con importacion y exportacion propias.;Ficha ASOMAFRUT 62: nave E puestos 9 y 11, importacion de Marruecos, China, Colombia, Ecuador, Peru, Mexico y Brasil.;desconocido;desconocido;desconocido;desconocido;-;-;-;-;missiwa2015@gmail.com;email_generico;Perfil importador puro. Encaje bajo salvo como cliente: Rootflow ofrece lo contrario a su modelo, producto local frente a importado.;Modelo basado en importacion, contrario a la tesis KM 0 de Rootflow.;ninguno;40;C;alta;https://asociados.asomafrut.com/detalle?tb_empresa_id_empresa=62;https://asociados.asomafrut.com/ficheros/aso_espanol_baja.pdf;2026-09-21;nuevo
A1A-067;Frutas Enrique Jimenez S.L.;cadena_valor;mayorista_nicho;Espana;Madrid;https://asociados.asomafrut.com/detalle?tb_empresa_id_empresa=75;Mayorista de nave F (puestos 20-22) muy especializado en caqui, naranja y nispero. Gerente identificado. Reparte a establecimientos.;Ficha ASOMAFRUT 75: nave F puestos 20 y 22. Productos destacados caqui, naranja y nispero.;desconocido;desconocido;desconocido;desconocido;-;Enrique Jimenez;Gerente;-;frutasenriquejimenez@hotmail.com;email_generico;Negocio muy nicho con reparto propio. Puede anadir microbrotes a su ruta sin coste marginal.;Empresa muy pequena y monoproducto.;ninguno;42;C;alta;https://asociados.asomafrut.com/detalle?tb_empresa_id_empresa=75;https://asociados.asomafrut.com/ficheros/aso_espanol_baja.pdf;2026-09-21;nuevo
A1A-068;Frutas y Verduras El Chicho S.L.;cadena_valor;mayorista_proximidad;Espana;Madrid;https://asociados.asomafrut.com/detalle?tb_empresa_id_empresa=43;Mayorista de nave E (puesto 47) que declara comercializar PRODUCTOS DE PROXIMIDAD. Dos administradores de la familia Alonso Castrejon.;Ficha ASOMAFRUT 43: nave E puesto 47, productos de proximidad declarados, verdura de hoja (acelga, repollo, puerro, lombarda).;desconocido;desconocido;desconocido;desconocido;-;Esther Alonso Castrejon;Administradora;-;frutasyverduraselchicho@hotmail.es;email_generico;Ya vende producto de proximidad y verdura de hoja: Rootflow es el producto de proximidad con mas margen por kg que puede poner en ese mostrador.;Empresa muy pequena de un puesto.;ninguno;48;C;alta;https://asociados.asomafrut.com/detalle?tb_empresa_id_empresa=43;https://asociados.asomafrut.com/ficheros/aso_espanol_baja.pdf;2026-09-21;nuevo
A1A-069;Frutas y Verduras J.C. Aguado S.L.;cadena_valor;mayorista_verdura;Espana;Madrid;https://asociados.asomafrut.com/detalle?tb_empresa_id_empresa=85;Mayorista de nave C (puesto 38) centrado en verduras y hortalizas. Gerente identificado.;Ficha ASOMAFRUT 85 y buscador de Mercamadrid: nave C puesto 38. Gerente Juan Carlos Aguado.;desconocido;desconocido;desconocido;desconocido;-;Juan Carlos Aguado;Gerente;-;grupoaguado2012@gmail.com;email_generico;Mayorista de verdura con interlocutor unico. Piloto de bajo riesgo para la categoria de microbrotes.;Empresa muy pequena. Sin web propia.;ninguno;42;C;alta;https://asociados.asomafrut.com/detalle?tb_empresa_id_empresa=85;https://www.mercamadrid.es/buscador-de-empresas/;2026-09-21;nuevo
A1A-070;Comercio de Patatas y Cebollas S.L.U.;cadena_valor;mayorista_patata_cuarta_gama;Espana;Madrid;https://comerciodepatatasycebollas.es;Mayorista de nave D y B-8 especializado en patata y hortaliza, con linea de CUARTA GAMA de patata, cebolla y ajo pelado. Director y administrador identificados.;Ficha ASOMAFRUT 12: nave D puestos 30-37 y B-8 modulo 7. Cuarta gama declarada. Web corporativa propia.;desconocido;desconocido;desconocido;desconocido;-;Vicente Martin;Director;-;pedidos@comerciodepatatasycebollas.es;email_generico;Ya opera cuarta gama con procesado propio. Podria incorporar el envasado de marca blanca de microbrotes sobre su infraestructura existente.;Commodity de margen bajo. Categoria muy alejada.;ninguno;48;C;alta;https://asociados.asomafrut.com/detalle?tb_empresa_id_empresa=12;https://asociados.asomafrut.com/ficheros/aso_espanol_baja.pdf;2026-09-21;nuevo
A1A-071;Felix Catalan S.L. - Patatas Catalan;cadena_valor;mayorista_patata_hosteleria;Espana;Madrid;https://patatascatalan.es;Mayorista con puestos en naves F e I especializado en PATATA PARA HOSTELERIA (agria y para frito). Gerente identificado. Marca Patatas Catalan.;Ficha ASOMAFRUT 16: nave F puesto 4 y nave I puesto 42. Especialidad declarada en patata agria y para frito en hosteleria.;desconocido;desconocido;desconocido;desconocido;-;Raul Sacristan;Gerente;-;administracion@felixcatalan.es;email_generico;Su cliente es el restaurante y ya reparte a hosteleria. El microbrote viaja en la misma caja con margen muy superior.;Monoproducto commodity. Sin posicionamiento gourmet.;ninguno;48;C;alta;https://asociados.asomafrut.com/detalle?tb_empresa_id_empresa=16;https://asociados.asomafrut.com/ficheros/aso_espanol_baja.pdf;2026-09-21;nuevo
A1A-072;Patatas Hermanos Alvarez S.L.;cadena_valor;mayorista_patata_familiar;Espana;Madrid;https://hermanosalvarez.es;Empresa familiar fundada en 1990, nave A puestos 36-42, con red de proveedores y PRODUCTORES LOCALES para garantizar frescura. Tres hermanos Alvarez en administracion, ventas y compras.;Ficha ASOMAFRUT 76: nave A puestos 36-42. Trabajo declarado con productores locales. Tres directivos Alvarez identificados.;desconocido;desconocido;desconocido;desconocido;-;Javier Alvarez;Administrador;-;info@patatashnosalvarez.com;email_generico;Ya construye su relato sobre proveedores y productores locales: Rootflow es el productor local mas cercano y con mas margen que puede sumar.;Categoria patata, commodity de bajo margen.;ninguno;50;C;alta;https://asociados.asomafrut.com/detalle?tb_empresa_id_empresa=76;https://asociados.asomafrut.com/ficheros/aso_espanol_baja.pdf;2026-09-21;nuevo
A1A-073;Antonio Paris e Hijos S.L.;cadena_valor;mayorista_familiar;Espana;Madrid;https://www.antonioparisehijos.com;Mayorista familiar de nave F (puesto 1), especializado en freson, cerezas, chirimoyas y albaricoques. Jefe administrativo de la familia identificado.;Ficha ASOMAFRUT 2: nave F puesto 1. Productos destacados freson, cerezas, chirimoyas, albaricoques y melocotones.;desconocido;desconocido;desconocido;desconocido;-;Antonio Paris Conde;Jefe Administrativo;-;antonioparisehijos@gmail.com;email_generico;Mayorista familiar de nave F con interlocutor unico y catalogo de fruta de temporada de alto precio.;Empresa muy pequena de un puesto.;ninguno;42;C;alta;https://asociados.asomafrut.com/detalle?tb_empresa_id_empresa=2;https://asociados.asomafrut.com/ficheros/aso_espanol_baja.pdf;2026-09-21;nuevo
A1A-074;Agustin Bravo S.L. - Frutas Brasil;cadena_valor;mayorista_nave_j2;Espana;Madrid;https://www.frutasbrasil.es;Mayorista con mas de 30 anos de experiencia en venta al por mayor de frutas y hortalizas frescas a nivel nacional, modulo 6 de la nave J-2. Gerente y jefe de ventas identificados.;Ficha ASOMAFRUT 1: nave J-2 modulo 6. Mas de 30 anos de experiencia declarados. Web frutasbrasil.es.;desconocido;desconocido;desconocido;desconocido;-;Agustin Bravo;Gerente;-;frutasbrasil@frutasbrasil.es;email_generico;Gerente fundador accesible y distribucion nacional. Puede validar la categoria con un pedido piloto inmediato.;Sin posicionamiento premium declarado.;ninguno;48;C;alta;https://asociados.asomafrut.com/detalle?tb_empresa_id_empresa=1;https://asociados.asomafrut.com/ficheros/aso_espanol_baja.pdf;2026-09-21;nuevo
A1A-075;Raquel Martinez Yelo;cadena_valor;mayorista_fruta_hueso;Espana;Madrid;https://asociados.asomafrut.com/detalle?tb_empresa_id_empresa=67;Mayorista de nave F (puestos 23-25) centrada en fruta de hueso, peras, manzanas y citricos. Encargado y administracion identificados.;Ficha ASOMAFRUT 67: nave F puestos 23 y 25. Productos destacados albaricoques, paraguayas, melocotones, clementinas y peras conferencia.;desconocido;desconocido;desconocido;desconocido;-;Cristina Cabedo Martinez;Administracion;-;frutasraquelmartinez@gmail.com;email_generico;Puesto vecino a Guillen Merca en nave F: referencia directa del caso de exito de entrada en capital de una marca premium.;Empresario individual. Capacidad de ticket muy limitada.;ninguno;40;C;alta;https://asociados.asomafrut.com/detalle?tb_empresa_id_empresa=67;https://asociados.asomafrut.com/ficheros/aso_espanol_baja.pdf;2026-09-21;nuevo
A1A-076;Iris Fabiola Bernal Justiniano;cadena_valor;mayorista_puesto;Espana;Madrid;https://asociados.asomafrut.com/detalle?tb_empresa_id_empresa=88;Operador mayorista asociado a ASOMAFRUT, alta reciente en el directorio de asociados.;Ficha ASOMAFRUT 88 en el directorio de asociados publicado en asociados.asomafrut.com.;desconocido;desconocido;desconocido;desconocido;-;-;-;-;puestofabiola@gmail.com;email_generico;Alta reciente en el mercado: perfil que busca diferenciarse rapido frente a operadores establecidos.;Informacion publica minima. Empresario individual.;ninguno;35;C;media;https://asociados.asomafrut.com/detalle?tb_empresa_id_empresa=88;https://www.mercamadrid.es/buscador-de-empresas/;2026-09-21;nuevo
A1A-077;Agronatural 9920 S.L.;cadena_valor;mayorista_horeca_colectividades;Espana;Madrid;https://www.agronatural.info;Mayorista de la nave E de Mercamadrid posicionado como proveedor estable de responsables de compras, cocinas centrales y empresas de restauracion colectiva, con catalogo de producto local y de temporada.;Buscador de empresas de Mercamadrid: nave E de frutas. Webs agronatural.info y agronaturalfrutasyhortalizas.es con posicionamiento declarado en HORECA y colectividades.;desconocido;desconocido;desconocido;desconocido;-;-;-;-;-;formulario_web;Su cliente declarado son cocinas centrales y restauracion: el canal exacto de Rootflow. Marca blanca Agronatural para colectividades premium.;Sin contacto directivo ni email generico publicado.;ninguno;55;B;media;https://www.mercamadrid.es/buscador-de-empresas/;https://www.agronaturalfrutasyhortalizas.es/es/;2026-09-21;nuevo
A1A-078;Aljofer S.A.;cadena_valor;mayorista_mercamadrid;Espana;Madrid;https://www.aljofer.com;Mayorista hortofruticola con puesto en la nave E de frutas de Mercamadrid y web corporativa propia. Figura tambien en el censo de empresas de Mercamadrid del Banco de Alimentos de Madrid.;Buscador de empresas de Mercamadrid (nave E de frutas) y listado Empresas de Mercamadrid de bamadrid.org.;desconocido;desconocido;desconocido;desconocido;-;-;-;-;-;formulario_web;Operador consolidado de la nave de frutas con web propia. Categoria premium disponible en exclusiva para su mostrador.;No asociado a ASOMAFRUT. Informacion publica limitada.;ninguno;45;C;media;https://www.mercamadrid.es/buscador-de-empresas/;https://bamadrid.org/wp-content/uploads/2022/09/Empresas-de-Mercamadrid.pdf;2026-09-21;nuevo
A1A-079;Frutas Gonzalez Garzon S.L.;cadena_valor;mayorista_mercamadrid;Espana;Madrid;https://www.frutasgonzalezg.es;Mayorista de la nave D de frutas de Mercamadrid con web corporativa propia, presente tambien en el listado de empresas de Mercamadrid del Banco de Alimentos.;Buscador de empresas de Mercamadrid (nave D de frutas) y listado Empresas de Mercamadrid de bamadrid.org.;desconocido;desconocido;desconocido;desconocido;-;-;-;-;-;formulario_web;Mayorista con marca y web propias en la nave D. Oportunidad de exclusiva de categoria frente a sus vecinos de nave.;No asociado a ASOMAFRUT. Sin contacto directivo publicado.;ninguno;45;C;media;https://www.mercamadrid.es/buscador-de-empresas/;https://bamadrid.org/wp-content/uploads/2022/09/Empresas-de-Mercamadrid.pdf;2026-09-21;nuevo
A1A-080;Frusangar S.L.;cadena_valor;mayorista_mercamadrid;Espana;Madrid;https://www.frusangar.com;Mayorista de la nave F de frutas de Mercamadrid con web corporativa propia, incluido en el censo de empresas de Mercamadrid del Banco de Alimentos de Madrid.;Buscador de empresas de Mercamadrid (nave F de frutas) y listado Empresas de Mercamadrid de bamadrid.org.;desconocido;desconocido;desconocido;desconocido;-;-;-;-;-;formulario_web;Nave F es donde ya operan Guillen Merca y Frutas Tellez con producto premium: argumento competitivo directo.;No asociado a ASOMAFRUT. Informacion publica limitada.;ninguno;45;C;media;https://www.mercamadrid.es/buscador-de-empresas/;https://bamadrid.org/wp-content/uploads/2022/09/Empresas-de-Mercamadrid.pdf;2026-09-21;nuevo
A1A-081;Frutas Alba S.L.;cadena_valor;mayorista_mercamadrid;Espana;Madrid;http://www.frutasal-ba.com;Mayorista de la nave D de frutas de Mercamadrid con web corporativa propia.;Buscador de empresas de Mercamadrid: nave D de frutas, con pagina web publicada.;desconocido;desconocido;desconocido;desconocido;-;-;-;-;-;formulario_web;Mayorista de nave D con identidad de marca propia. Piloto de categoria de bajo riesgo.;No asociado a ASOMAFRUT. Sin datos de tamano.;ninguno;42;C;media;https://www.mercamadrid.es/buscador-de-empresas/;https://bamadrid.org/wp-content/uploads/2022/09/Empresas-de-Mercamadrid.pdf;2026-09-21;nuevo
A1A-082;Don Fruta S.L.;cadena_valor;mayorista_mercamadrid;Espana;Madrid;https://www.donfruta.com;Mayorista de la nave E de frutas de Mercamadrid con marca y web propias (Don Fruta).;Buscador de empresas de Mercamadrid: nave E de frutas, con pagina web publicada.;desconocido;desconocido;desconocido;desconocido;-;-;-;-;-;formulario_web;Marca de consumo propia (Don Fruta) ya construida: candidato natural a marca blanca de microbrotes.;No asociado a ASOMAFRUT. Sin datos de tamano ni contacto directivo.;ninguno;45;C;media;https://www.mercamadrid.es/buscador-de-empresas/;https://bamadrid.org/wp-content/uploads/2022/09/Empresas-de-Mercamadrid.pdf;2026-09-21;nuevo
A1A-083;Frutas Molinos S.A.;cadena_valor;mayorista_mercamadrid;Espana;Madrid;https://www.mercamadrid.es/buscador-de-empresas/;Mayorista de la nave C de frutas de Mercamadrid, incluido en el listado de empresas de Mercamadrid del Banco de Alimentos de Madrid.;Buscador de empresas de Mercamadrid (nave C de frutas) y listado Empresas de Mercamadrid de bamadrid.org.;desconocido;desconocido;desconocido;desconocido;-;-;-;-;-;formulario_web;Operador de la nave C, entorno de Frutas Candil y Central Dica. Exclusiva de categoria como diferencial.;No asociado a ASOMAFRUT. Sin web ni contacto publicados.;ninguno;38;C;media;https://www.mercamadrid.es/buscador-de-empresas/;https://bamadrid.org/wp-content/uploads/2022/09/Empresas-de-Mercamadrid.pdf;2026-09-21;nuevo
A1A-084;Frutas Zaramadrid S.L.;cadena_valor;mayorista_mercamadrid;Espana;Madrid;https://www.mercamadrid.es/buscador-de-empresas/;Mayorista de la nave C de frutas de Mercamadrid, presente en el censo de empresas de Mercamadrid del Banco de Alimentos de Madrid.;Buscador de empresas de Mercamadrid (nave C de frutas) y listado Empresas de Mercamadrid de bamadrid.org.;desconocido;desconocido;desconocido;desconocido;-;-;-;-;-;formulario_web;Operador consolidado de nave C. Categoria premium disponible como diferencial competitivo.;No asociado a ASOMAFRUT. Sin web ni contacto publicados.;ninguno;38;C;media;https://www.mercamadrid.es/buscador-de-empresas/;https://bamadrid.org/wp-content/uploads/2022/09/Empresas-de-Mercamadrid.pdf;2026-09-21;nuevo
A1A-085;Frutas Heredia S.L.;cadena_valor;mayorista_mercamadrid;Espana;Madrid;https://www.mercamadrid.es/buscador-de-empresas/;Mayorista con puestos en las naves B y E de frutas de Mercamadrid.;Buscador de empresas de Mercamadrid: naves B y E de frutas.;desconocido;desconocido;desconocido;desconocido;-;-;-;-;-;formulario_web;Doble presencia en naves B y E: capacidad de distribuir la categoria en dos mostradores simultaneos.;No asociado a ASOMAFRUT. Sin web ni contacto publicados.;ninguno;38;C;media;https://www.mercamadrid.es/buscador-de-empresas/;https://bamadrid.org/wp-content/uploads/2022/09/Empresas-de-Mercamadrid.pdf;2026-09-21;nuevo
A1A-086;Comercial Pataleta S.A.;cadena_valor;mayorista_mercamadrid;Espana;Madrid;https://www.mercamadrid.es/buscador-de-empresas/;Mayorista de la nave B de frutas de Mercamadrid, incluido en el listado de empresas de Mercamadrid del Banco de Alimentos de Madrid.;Buscador de empresas de Mercamadrid (nave B de frutas) y listado Empresas de Mercamadrid de bamadrid.org.;desconocido;desconocido;desconocido;desconocido;-;-;-;-;-;formulario_web;Operador de la nave B. Piloto de categoria con exclusiva de nave como incentivo.;No asociado a ASOMAFRUT. Sin web ni contacto publicados.;ninguno;36;C;media;https://www.mercamadrid.es/buscador-de-empresas/;https://bamadrid.org/wp-content/uploads/2022/09/Empresas-de-Mercamadrid.pdf;2026-09-21;nuevo
A1A-087;Cruz Munoz S.L.;cadena_valor;mayorista_mercamadrid;Espana;Madrid;https://www.mercamadrid.es/buscador-de-empresas/;Mayorista de la nave C de frutas de Mercamadrid, presente en el censo de empresas de Mercamadrid del Banco de Alimentos de Madrid.;Buscador de empresas de Mercamadrid (nave C de frutas) y listado Empresas de Mercamadrid de bamadrid.org.;desconocido;desconocido;desconocido;desconocido;-;-;-;-;-;formulario_web;Operador de nave C con trayectoria. Categoria de alto margen disponible en exclusiva.;No asociado a ASOMAFRUT. Sin web ni contacto publicados.;ninguno;36;C;media;https://www.mercamadrid.es/buscador-de-empresas/;https://bamadrid.org/wp-content/uploads/2022/09/Empresas-de-Mercamadrid.pdf;2026-09-21;nuevo
A1A-088;Comercial Hortofruticola Hnos. Iriarte S.L.;cadena_valor;mayorista_mercamadrid;Espana;Madrid;https://www.mercamadrid.es/buscador-de-empresas/;Mayorista familiar (hermanos Iriarte) con puesto en la nave D de frutas de Mercamadrid.;Buscador de empresas de Mercamadrid: nave D de frutas.;desconocido;desconocido;desconocido;desconocido;-;-;-;-;-;formulario_web;Estructura familiar de hermanos: decision corta. Categoria premium como diferencial en nave D.;No asociado a ASOMAFRUT. Sin web ni contacto publicados.;ninguno;38;C;media;https://www.mercamadrid.es/buscador-de-empresas/;https://bamadrid.org/wp-content/uploads/2022/09/Empresas-de-Mercamadrid.pdf;2026-09-21;nuevo
A1A-089;Angel Jodra S.L.;cadena_valor;mayorista_mercamadrid;Espana;Madrid;https://www.mercamadrid.es/buscador-de-empresas/;Mayorista de la nave A de frutas de Mercamadrid, incluido en el listado de empresas de Mercamadrid del Banco de Alimentos de Madrid.;Buscador de empresas de Mercamadrid (nave A de frutas) y listado Empresas de Mercamadrid de bamadrid.org.;desconocido;desconocido;desconocido;desconocido;-;-;-;-;-;formulario_web;Operador de nave A. Piloto de bajo riesgo con exclusiva de mostrador.;No asociado a ASOMAFRUT. Sin web ni contacto publicados.;ninguno;36;C;media;https://www.mercamadrid.es/buscador-de-empresas/;https://bamadrid.org/wp-content/uploads/2022/09/Empresas-de-Mercamadrid.pdf;2026-09-21;nuevo
A1A-090;Cafergan S.A.;cadena_valor;mayorista_multinave;Espana;Madrid;https://www.mercamadrid.es/buscador-de-empresas/;Operador con presencia simultanea en las naves C, D, E y F de frutas de Mercamadrid, la mayor huella multinave del buscador oficial entre los no asociados a ASOMAFRUT.;Buscador de empresas de Mercamadrid: naves C, D, E y F de frutas.;desconocido;desconocido;desconocido;desconocido;-;-;-;-;-;formulario_web;Presencia en cuatro naves a la vez: capacidad de dar salida a la categoria en todo el mercado desde el primer dia.;No asociado a ASOMAFRUT. Sin web ni contacto publicados. Naturaleza del negocio por verificar.;ninguno;44;C;media;https://www.mercamadrid.es/buscador-de-empresas/;https://www.mercamadrid.es/buscador-de-empresas/;2026-09-21;nuevo
A1A-091;Frutas Manuel Vazquez Barcia S.A.;cadena_valor;mayorista_mercamadrid;Espana;Madrid;https://www.mercamadrid.es/buscador-de-empresas/;Mayorista de la nave D de frutas de Mercamadrid, presente en el listado de empresas de Mercamadrid del Banco de Alimentos de Madrid.;Buscador de empresas de Mercamadrid (nave D de frutas) y listado Empresas de Mercamadrid de bamadrid.org.;desconocido;desconocido;desconocido;desconocido;-;-;-;-;-;formulario_web;Operador de nave D con trayectoria familiar. Categoria premium como diferencial.;VERIFICAR posible solape con Fruteria Vazquez ya mapeada en otro agente. Razones sociales distintas.;ninguno;36;C;media;https://www.mercamadrid.es/buscador-de-empresas/;https://bamadrid.org/wp-content/uploads/2022/09/Empresas-de-Mercamadrid.pdf;2026-09-21;nuevo
A1A-092;Furgo Fruta S.L.;cadena_valor;mayorista_distribuidor;Espana;Madrid;https://www.mercamadrid.es/buscador-de-empresas/;Operador de la nave C de frutas de Mercamadrid cuyo nombre apunta a actividad de reparto y distribucion capilar desde el mercado.;Buscador de empresas de Mercamadrid: nave C de frutas.;desconocido;desconocido;desconocido;desconocido;-;-;-;-;-;formulario_web;Perfil de distribucion capilar: puede llevar el microbrote a fruterias y restaurantes de barrio en la misma ruta.;No asociado a ASOMAFRUT. Sin web ni contacto publicados.;ninguno;38;C;media;https://www.mercamadrid.es/buscador-de-empresas/;https://www.mercamadrid.es/buscador-de-empresas/;2026-09-21;nuevo
A1A-093;Frutas y Verduras Mostoles S.L.U.;cadena_valor;mayorista_distribuidor_sur;Espana;Madrid;https://www.mercamadrid.es/buscador-de-empresas/;Mayorista de la nave B de frutas de Mercamadrid con vinculacion declarada al sur de la Comunidad de Madrid.;Buscador de empresas de Mercamadrid: nave B de frutas.;desconocido;desconocido;desconocido;desconocido;-;-;-;-;-;formulario_web;Vinculado al sur de Madrid, la misma zona donde Rootflow busca la nave de 350-432 m2: posible socio logistico ademas de comercial.;No asociado a ASOMAFRUT. Sin web ni contacto publicados.;ninguno;40;C;media;https://www.mercamadrid.es/buscador-de-empresas/;https://www.mercamadrid.es/buscador-de-empresas/;2026-09-21;nuevo
A1A-094;Frutas y Verduras J and R Bargueno S.L.;cadena_valor;mayorista_mercamadrid;Espana;Madrid;https://www.mercamadrid.es/buscador-de-empresas/;Mayorista de la nave A de frutas de Mercamadrid, incluido en el listado de empresas de Mercamadrid del Banco de Alimentos de Madrid.;Buscador de empresas de Mercamadrid (nave A de frutas) y listado Empresas de Mercamadrid de bamadrid.org.;desconocido;desconocido;desconocido;desconocido;-;-;-;-;-;formulario_web;Mayorista de verdura en nave A. Cliente natural de la categoria de brotes.;No asociado a ASOMAFRUT. Sin web ni contacto publicados.;ninguno;36;C;media;https://www.mercamadrid.es/buscador-de-empresas/;https://bamadrid.org/wp-content/uploads/2022/09/Empresas-de-Mercamadrid.pdf;2026-09-21;nuevo
A1A-095;ABC QLT Nature S.L.;cadena_valor;mayorista_calidad;Espana;Madrid;https://www.mercamadrid.es/buscador-de-empresas/;Operador de la nave C de frutas de Mercamadrid cuyo nombre (QLT Nature) apunta a un posicionamiento de calidad y producto natural.;Buscador de empresas de Mercamadrid: nave C de frutas, modulos C46, C48 y C50.;desconocido;desconocido;desconocido;desconocido;-;-;-;-;-;formulario_web;Nombre y posicionamiento orientados a calidad y naturalidad: relato compatible con el microbrote vivo de Madrid.;No asociado a ASOMAFRUT. Sin web ni contacto publicados. Posicionamiento por verificar.;ninguno;40;C;media;https://www.mercamadrid.es/buscador-de-empresas/;https://www.mercamadrid.es/buscador-de-empresas/;2026-09-21;nuevo
A1A-096;Enfrisa Sociedad Cooperativa Limitada;cadena_valor;cooperativa_mayorista;Espana;Madrid;https://www.mercamadrid.es/buscador-de-empresas/;Cooperativa con puesto en la nave E de frutas de Mercamadrid. Estructura cooperativa con capacidad de agregar decision de varios socios.;Buscador de empresas de Mercamadrid: nave E de frutas.;desconocido;desconocido;desconocido;desconocido;-;-;-;-;-;formulario_web;Estructura cooperativa: puede sindicar un ticket entre socios. Acceso a una base amplia de detallistas.;Decision colegiada, previsiblemente mas lenta. Sin web ni contacto publicados.;ninguno;36;C;media;https://www.mercamadrid.es/buscador-de-empresas/;https://www.mercamadrid.es/buscador-de-empresas/;2026-09-21;nuevo
A1A-097;Frutas Cardena S.L.;cadena_valor;mayorista_mercamadrid;Espana;Madrid;https://www.mercamadrid.es/buscador-de-empresas/;Mayorista de la nave F de frutas de Mercamadrid.;Buscador de empresas de Mercamadrid: nave F de frutas.;desconocido;desconocido;desconocido;desconocido;-;-;-;-;-;formulario_web;Operador de nave F, donde ya circula producto premium de Guillen Merca y Tellez. Argumento competitivo directo.;No asociado a ASOMAFRUT. Sin web ni contacto publicados.;ninguno;36;C;media;https://www.mercamadrid.es/buscador-de-empresas/;https://www.mercamadrid.es/buscador-de-empresas/;2026-09-21;nuevo
A1A-098;Frutas Barrantes S.L.;cadena_valor;mayorista_mercamadrid;Espana;Madrid;https://www.mercamadrid.es/buscador-de-empresas/;Mayorista de la nave E de frutas de Mercamadrid.;Buscador de empresas de Mercamadrid: nave E de frutas.;desconocido;desconocido;desconocido;desconocido;-;-;-;-;-;formulario_web;Operador de nave E. Piloto de categoria con exclusiva de mostrador.;No asociado a ASOMAFRUT. Sin web ni contacto publicados.;ninguno;34;C;media;https://www.mercamadrid.es/buscador-de-empresas/;https://www.mercamadrid.es/buscador-de-empresas/;2026-09-21;nuevo
A1A-099;Frutas Azahara S.L.;cadena_valor;mayorista_mercamadrid;Espana;Madrid;https://www.mercamadrid.es/buscador-de-empresas/;Mayorista de la nave E de frutas de Mercamadrid.;Buscador de empresas de Mercamadrid: nave E de frutas.;desconocido;desconocido;desconocido;desconocido;-;-;-;-;-;formulario_web;Operador de nave E. Categoria de alto margen disponible en exclusiva.;No asociado a ASOMAFRUT. Sin web ni contacto publicados.;ninguno;34;C;media;https://www.mercamadrid.es/buscador-de-empresas/;https://www.mercamadrid.es/buscador-de-empresas/;2026-09-21;nuevo
A1A-100;Demary Frutas y Verduras S.L.;cadena_valor;mayorista_mercamadrid;Espana;Madrid;https://www.mercamadrid.es/buscador-de-empresas/;Mayorista de la nave A de frutas de Mercamadrid.;Buscador de empresas de Mercamadrid: nave A de frutas.;desconocido;desconocido;desconocido;desconocido;-;-;-;-;-;formulario_web;Operador de nave A de verdura. Cliente natural de la categoria de brotes.;No asociado a ASOMAFRUT. Sin web ni contacto publicados.;ninguno;34;C;media;https://www.mercamadrid.es/buscador-de-empresas/;https://www.mercamadrid.es/buscador-de-empresas/;2026-09-21;nuevo
A1A-101;E.J. Galvez S.L.;cadena_valor;mayorista_mercamadrid;Espana;Madrid;https://www.mercamadrid.es/buscador-de-empresas/;Operador con presencia en la nave C de frutas y en la zona polivalente de Mercamadrid.;Buscador de empresas de Mercamadrid: nave C de frutas y polivalencia.;desconocido;desconocido;desconocido;desconocido;-;-;-;-;-;formulario_web;Doble ubicacion (nave C y polivalencia) que permite operar fresco y almacen. Piloto de categoria viable.;No asociado a ASOMAFRUT. Sin web ni contacto publicados.;ninguno;34;C;media;https://www.mercamadrid.es/buscador-de-empresas/;https://www.mercamadrid.es/buscador-de-empresas/;2026-09-21;nuevo
A1A-102;Ecosuper Alimentacion S.L.;cadena_valor;mayorista_multiproducto;Espana;Madrid;https://www.mercamadrid.es/buscador-de-empresas/;Operador con presencia en la nave A de frutas y en la zona de pescados de Mercamadrid, con perfil de suministro multiproducto.;Buscador de empresas de Mercamadrid: nave A de frutas y pescados.;desconocido;desconocido;desconocido;desconocido;-;-;-;-;-;formulario_web;Suministro multiproducto a un mismo cliente de hosteleria: el microbrote completa la cesta de emplatado junto al pescado.;No asociado a ASOMAFRUT. Sin web ni contacto publicados.;ninguno;36;C;media;https://www.mercamadrid.es/buscador-de-empresas/;https://www.mercamadrid.es/buscador-de-empresas/;2026-09-21;nuevo
A1A-103;Frutas Toledo Bangla S.L.;cadena_valor;mayorista_etnico;Espana;Madrid;https://www.mercamadrid.es/buscador-de-empresas/;Mayorista de la nave E de frutas de Mercamadrid con perfil de producto etnico y canal de tiendas de proximidad.;Buscador de empresas de Mercamadrid: nave E de frutas.;desconocido;desconocido;desconocido;desconocido;-;-;-;-;-;formulario_web;Canal de tiendas de proximidad y restauracion etnica, un nicho donde el microbrote aun no ha entrado.;No asociado a ASOMAFRUT. Sin web ni contacto publicados.;ninguno;32;C;media;https://www.mercamadrid.es/buscador-de-empresas/;https://www.mercamadrid.es/buscador-de-empresas/;2026-09-21;nuevo
A1A-104;Frutas Niqui Madrimport S.L.;cadena_valor;mayorista_importador;Espana;Madrid;https://www.mercamadrid.es/buscador-de-empresas/;Sociedad importadora vinculada al grupo Frutas Niqui, con puesto en la nave D de frutas de Mercamadrid.;Buscador de empresas de Mercamadrid: nave D de frutas. Vinculacion nominal con Frutas Niqui Madrid S.A.;desconocido;desconocido;desconocido;desconocido;-;-;-;-;-;formulario_web;Brazo importador del grupo Niqui: puede comparar directamente el coste del brote importado frente al de Rootflow en Madrid.;No asociado a ASOMAFRUT de forma independiente. Sin contacto publicado.;ninguno;38;C;media;https://www.mercamadrid.es/buscador-de-empresas/;https://www.mercamadrid.es/buscador-de-empresas/;2026-09-21;nuevo
A1A-105;La Truferia - Fruta Extrana;cadena_valor;distribuidor_gourmet_madrid;Espana;Madrid;https://truferia.es;Distribuidor gourmet de Madrid especializado en trufa negra desde 1987 y en producto de alta cocina. CULTIVA BROTES Y FLORES COMESTIBLES EN MADRID y los entrega el mismo dia del corte, con variedades como shiso o huacatay. Dos tiendas en Madrid ciudad.;Pagina Brotes y Flores Comestibles de truferia.es donde declara cultivo propio en Madrid y entrega el mismo dia del corte. Presencia como expositor en Salon Gourmets.;desconocido;desconocido;desconocido;desconocido;-;-;-;-;-;formulario_web;Competidor directo en microbrotes y flores comestibles pero con canal gourmet y tiendas propias en Madrid. Encaje como adquirente estrategico o socio de capacidad: Rootflow puede producir para su marca cuando su cultivo no llegue.;COMPETIDOR DIRECTO. Riesgo de exposicion de informacion comercial. Requiere NDA antes de cualquier conversacion.;competidor;58;B;alta;https://truferia.es/brotes-flores-comestibles/;https://www.gourmets.net/salon-gourmets/2019/catalogo-expositores/la-truferia/la-truferia-abre-en-el-centro-de-madrid-su-segunda-tienda;2026-09-21;nuevo
A1A-106;Ferjusanz Frutas y Verduras;cadena_valor;distribuidor_horeca_madrid;Espana;Madrid;https://www.ferjusanz-frutas-verduras.es;Mayorista y distribuidor de frutas y verduras en Madrid con servicio profesional especializado para establecimientos de hosteleria y linea de distribucion y exportacion propia.;Web corporativa con seccion de servicios de distribucion y exportacion y pagina dedicada a mayorista de frutas y verduras para hosteleria en Madrid.;desconocido;desconocido;desconocido;desconocido;-;-;-;-;-;formulario_web;Distribuidor centrado en hosteleria fuera del recinto de Mercamadrid: canal complementario al mayorista de nave. Reparto propio en Madrid para el producto vivo de 24-48 h.;Tamano y estructura societaria no verificados.;ninguno;52;C;media;https://www.ferjusanz-frutas-verduras.es/mayorista-de-frutas-y-verduras-madrid/;https://www.ferjusanz-frutas-verduras.es/servicios-de-distribucion-y-exportacion/distribucion-de-frutas-y-verduras-en-madrid-2/;2026-09-21;nuevo
A1A-107;Asomafrut - Asociacion de Empresarios Mayoristas del Mercado Central de Frutas de Madrid;cadena_valor;asociacion_sectorial;Espana;Madrid;https://asomafrut.com;Patronal que agrupa a mas de un centenar de empresas mayoristas de frutas y hortalizas de Mercamadrid. Sus asociados facturan 1.400 M de euros, generan 2.600 empleos directos y comercializan entre 5 y 6 millones de kilos diarios. Sede en nave J-2 calle 40.;Guia de Empresas Mayoristas en Madrid publicada por ASOMAFRUT y directorio de asociados en asociados.asomafrut.com con fichas individuales de cada empresa.;desconocido;desconocido;desconocido;desconocido;-;-;-;-;asomafrut@asomafrut.com;email_generico;No es inversor pero es la puerta de entrada unica a los 76 mayoristas del censo: una presentacion de Rootflow en la asociacion multiplica las intros calidas y da credibilidad institucional antes del roadshow.;Es una asociacion patronal, no una entidad inversora. Valor como canal de acceso, no como fuente de capital.;ninguno;55;B;alta;https://asomafrut.com/;https://asociados.asomafrut.com/ficheros/aso_espanol_baja.pdf;2026-09-21;nuevo
A1A-108;Martin Villaverde Distribucion Alimentaria S.L.;cadena_valor;distribuidor_alimentario;Espana;Madrid;http://www.mvillaverde.com;Distribuidora alimentaria con puesto en la nave E de frutas de Mercamadrid y web corporativa propia. Figura tambien en el censo de empresas de Mercamadrid del Banco de Alimentos de Madrid.;Buscador de empresas de Mercamadrid (nave E de frutas) y listado Empresas de Mercamadrid de bamadrid.org.;desconocido;desconocido;desconocido;desconocido;-;-;-;-;-;formulario_web;Perfil de distribucion alimentaria mas alla del puesto de mercado: puede colocar el microbrote en su catalogo de foodservice con marca blanca.;Sin contacto directivo ni email generico publicado. Tamano no verificado.;ninguno;48;C;media;https://www.mercamadrid.es/buscador-de-empresas/;https://bamadrid.org/wp-content/uploads/2022/09/Empresas-de-Mercamadrid.pdf;2026-09-21;nuevo
A1A-109;Plataforma Iberica de Distribucion Ecologica S.L. - PideBio;cadena_valor;distribuidor_ecologico;Espana;Madrid;https://www.pidebio.com;Plataforma de distribucion de producto ECOLOGICO ubicada en la zona polivalente de Mercamadrid, con web corporativa propia. Canal especializado en producto certificado ecologico para tienda y hosteleria.;Buscador de empresas de Mercamadrid: zona de polivalencia. Web corporativa pidebio.com.;desconocido;desconocido;desconocido;desconocido;-;-;-;-;-;formulario_web;Canal ecologico especializado: el microbrote hidroponico de Madrid encaja en su relato de sostenibilidad y cercania, y es una de las pocas categorias frescas de alto margen que le faltan.;Requiere certificacion ecologica del producto, que Rootflow debe confirmar. Sin contacto directivo publicado.;ninguno;54;C;media;https://www.mercamadrid.es/buscador-de-empresas/;https://www.pidebio.com;2026-09-21;nuevo
A1A-110;Pla Faus S.L.;cadena_valor;mayorista_multinave;Espana;Madrid;http://www.plafaus.es;Mayorista con presencia simultanea en las naves D y E de frutas de Mercamadrid y web corporativa propia.;Buscador de empresas de Mercamadrid: naves D y E de frutas, con pagina web publicada.;desconocido;desconocido;desconocido;desconocido;-;-;-;-;-;formulario_web;Doble puesto en naves D y E con marca propia: capacidad de dar salida a la categoria en dos mostradores.;No asociado a ASOMAFRUT. Sin contacto directivo publicado.;ninguno;42;C;media;https://www.mercamadrid.es/buscador-de-empresas/;https://www.mercamadrid.es/buscador-de-empresas/;2026-09-21;nuevo
A1A-111;Kiwi-World S.A.;cadena_valor;mayorista_monoproducto;Espana;Madrid;https://www.mercamadrid.es/buscador-de-empresas/;Mayorista de la nave C de frutas de Mercamadrid especializado en kiwi, con sede social en Madrid segun el directorio de empresas CNAE 4631 de la Comunidad de Madrid.;Buscador de empresas de Mercamadrid (nave C de frutas) y directorio Informa de empresas CNAE 4631 en la Comunidad de Madrid.;desconocido;desconocido;desconocido;desconocido;-;-;-;-;-;formulario_web;Especialista monoproducto de alto valor: conoce el negocio de la variedad club y el precio premium por kilo.;Monoproducto muy alejado del microbrote. Sin contacto publicado.;ninguno;36;C;media;https://www.mercamadrid.es/buscador-de-empresas/;https://www.informa.es/directorio-empresas/4631_COMERCIO-MAYOR-FRUTAS-HORTALIZAS/Comunidad_MADRID.html;2026-09-21;nuevo
A1A-112;Veryfrut Encantada S.L.;cadena_valor;mayorista_multinave;Espana;Madrid;https://www.mercamadrid.es/buscador-de-empresas/;Mayorista con puestos en las naves C y F de frutas de Mercamadrid.;Buscador de empresas de Mercamadrid: naves C y F de frutas.;desconocido;desconocido;desconocido;desconocido;-;-;-;-;-;formulario_web;Presencia en dos naves. Exclusiva de categoria como argumento de entrada.;No asociado a ASOMAFRUT. Sin web ni contacto publicados.;ninguno;34;C;media;https://www.mercamadrid.es/buscador-de-empresas/;https://www.mercamadrid.es/buscador-de-empresas/;2026-09-21;nuevo
A1A-113;Vigarri S.L.;cadena_valor;mayorista_mercamadrid;Espana;Madrid;https://www.mercamadrid.es/buscador-de-empresas/;Mayorista con puesto en la nave F de frutas y modulo en la parcela B-8 de Mercamadrid.;Buscador de empresas de Mercamadrid: nave F de frutas y parcela B-8.;desconocido;desconocido;desconocido;desconocido;-;-;-;-;-;formulario_web;Nave F, el entorno donde ya operan Guillen Merca y Frutas Tellez con producto premium.;No asociado a ASOMAFRUT. Sin web ni contacto publicados.;ninguno;34;C;media;https://www.mercamadrid.es/buscador-de-empresas/;https://www.mercamadrid.es/buscador-de-empresas/;2026-09-21;nuevo
A1A-114;Ronad Frut S.A.;cadena_valor;mayorista_mercamadrid;Espana;Madrid;https://www.mercamadrid.es/buscador-de-empresas/;Mayorista de la nave E de frutas de Mercamadrid, incluido en el listado de empresas de Mercamadrid del Banco de Alimentos de Madrid.;Buscador de empresas de Mercamadrid (nave E de frutas) y listado Empresas de Mercamadrid de bamadrid.org.;desconocido;desconocido;desconocido;desconocido;-;-;-;-;-;formulario_web;Operador consolidado de nave E. Categoria premium disponible en exclusiva.;No asociado a ASOMAFRUT. Sin web ni contacto publicados.;ninguno;34;C;media;https://www.mercamadrid.es/buscador-de-empresas/;https://bamadrid.org/wp-content/uploads/2022/09/Empresas-de-Mercamadrid.pdf;2026-09-21;nuevo
A1A-115;Jose Maria Nadador e Hijo S.L.;cadena_valor;mayorista_familiar;Espana;Madrid;https://www.mercamadrid.es/buscador-de-empresas/;Mayorista familiar de la nave B de frutas de Mercamadrid, presente en el censo de empresas de Mercamadrid del Banco de Alimentos de Madrid.;Buscador de empresas de Mercamadrid (nave B de frutas) y listado Empresas de Mercamadrid de bamadrid.org.;desconocido;desconocido;desconocido;desconocido;-;-;-;-;-;formulario_web;Estructura familiar padre e hijo: decision inmediata sin comite. Piloto de categoria de bajo riesgo.;No asociado a ASOMAFRUT. Sin web ni contacto publicados.;ninguno;36;C;media;https://www.mercamadrid.es/buscador-de-empresas/;https://bamadrid.org/wp-content/uploads/2022/09/Empresas-de-Mercamadrid.pdf;2026-09-21;nuevo
A1A-116;Rafael Asenjo S.L.;cadena_valor;mayorista_mercamadrid;Espana;Madrid;https://www.mercamadrid.es/buscador-de-empresas/;Mayorista de la nave B de frutas de Mercamadrid, incluido en el listado de empresas de Mercamadrid del Banco de Alimentos de Madrid.;Buscador de empresas de Mercamadrid (nave B de frutas) y listado Empresas de Mercamadrid de bamadrid.org.;desconocido;desconocido;desconocido;desconocido;-;-;-;-;-;formulario_web;Operador de nave B con trayectoria. Exclusiva de mostrador como incentivo de entrada.;No asociado a ASOMAFRUT. Sin web ni contacto publicados.;ninguno;34;C;media;https://www.mercamadrid.es/buscador-de-empresas/;https://bamadrid.org/wp-content/uploads/2022/09/Empresas-de-Mercamadrid.pdf;2026-09-21;nuevo
A1A-117;Serrano Gago S.L.;cadena_valor;mayorista_mercamadrid;Espana;Madrid;https://www.mercamadrid.es/buscador-de-empresas/;Mayorista de la nave E de frutas de Mercamadrid.;Buscador de empresas de Mercamadrid: nave E de frutas.;desconocido;desconocido;desconocido;desconocido;-;-;-;-;-;formulario_web;Operador de nave E. Piloto de categoria con exclusiva de mostrador.;No asociado a ASOMAFRUT. Sin web ni contacto publicados.;ninguno;32;C;media;https://www.mercamadrid.es/buscador-de-empresas/;https://www.mercamadrid.es/buscador-de-empresas/;2026-09-21;nuevo
A1A-118;Peyro Fruit S.L.;cadena_valor;mayorista_mercamadrid;Espana;Madrid;https://www.mercamadrid.es/buscador-de-empresas/;Mayorista de la nave C de frutas de Mercamadrid, presente en el censo de empresas de Mercamadrid del Banco de Alimentos de Madrid.;Buscador de empresas de Mercamadrid (nave C de frutas) y listado Empresas de Mercamadrid de bamadrid.org.;desconocido;desconocido;desconocido;desconocido;-;-;-;-;-;formulario_web;Operador de nave C. Categoria de alto margen disponible en exclusiva.;No asociado a ASOMAFRUT. Sin web ni contacto publicados.;ninguno;32;C;media;https://www.mercamadrid.es/buscador-de-empresas/;https://bamadrid.org/wp-content/uploads/2022/09/Empresas-de-Mercamadrid.pdf;2026-09-21;nuevo
A1A-119;Kikito Brokers S.L.U.;cadena_valor;broker_hortofruticola;Espana;Madrid;https://www.mercamadrid.es/buscador-de-empresas/;Operador de la nave F de frutas de Mercamadrid con perfil de brokeraje hortofruticola. El grupo Kikito (Export y Logistica) figura en el censo de empresas de Mercamadrid del Banco de Alimentos.;Buscador de empresas de Mercamadrid (nave F de frutas) y listado Empresas de Mercamadrid de bamadrid.org con Kikito Export y Kikito Logistica.;desconocido;desconocido;desconocido;desconocido;-;-;-;-;-;formulario_web;Perfil broker con vision de mercado amplia: util para testear precio y demanda del microbrote entre varios compradores a la vez.;Modelo de intermediacion sin mostrador propio. Sin contacto publicado.;ninguno;38;C;media;https://www.mercamadrid.es/buscador-de-empresas/;https://bamadrid.org/wp-content/uploads/2022/09/Empresas-de-Mercamadrid.pdf;2026-09-21;nuevo
A1A-120;La Mejor Fruta de Vallecas S.L.;cadena_valor;mayorista_mercamadrid;Espana;Madrid;https://www.mercamadrid.es/buscador-de-empresas/;Mayorista de la nave E de frutas de Mercamadrid con marca comercial de identidad local madrilena.;Buscador de empresas de Mercamadrid: nave E de frutas.;desconocido;desconocido;desconocido;desconocido;-;-;-;-;-;formulario_web;Identidad de marca local madrilena: relato alineado con el KM 0 de Rootflow desde Las Rozas.;No asociado a ASOMAFRUT. Sin web ni contacto publicados.;ninguno;36;C;media;https://www.mercamadrid.es/buscador-de-empresas/;https://www.mercamadrid.es/buscador-de-empresas/;2026-09-21;nuevo
