id;entidad;tipo;subtipo;pais;ciudad;web;tesis_resumen;evidencia_agro_food;ticket_min_eur;ticket_max_eur;instrumentos;acepta_minoritario_sin_control;ultima_operacion_fecha;persona_contacto;cargo;linkedin_url;email_publico;via_entrada;angulo_pitch;red_flags;conflicto;score;tier;confianza;fuente_url_1;fuente_url_2;fecha_verificacion;estado
A4-001;Food Business Angels (Eatable Adventures);red_angels;red de angels especializada en alimentacion bebidas y restauracion;Espana;Madrid;https://www.foodbusinessangels.es/;Primera red espanola de inversores privados especializada en restauracion, alimentacion, bebidas y servicios gastronomicos. Foco en proyectos seed y early stage que necesitan hasta 250.000 euros.;Red promovida por Eatable Adventures, aceleradora y VC de foodtech con sede en Madrid. Eatable coinvirtio en 2025 en la ronda de 1,84 M de Neboda (agricultura vertical, Galicia). Acuerdo con Crowdcube para completar rondas.;20000;250000;equity|participativo|CeP;si;2026-09;Jose Luis Cabanero;CEO y fundador de Eatable Adventures;-;-;formulario_web;Productor de microgreens KM0 en Madrid con margen bruto 74-77% y pipeline del 77,5% del Ano 1 ya identificado: exactamente el perfil food que esta red busca y sus angels aportan red HORECA directa.;Red vinculada a una aceleradora, puede priorizar startups de su programa. Sesgo hacia foodtech tecnologica frente a produccion agricola.;ninguno;92;A;alta;https://www.emprendedores.es/noticias-de-empresa/a76737/eatable-adventures-food-business-angels/;https://eatableadventures.com/;2026-09-21;nuevo
A2-001;Frutas Eloy Ruano S.L.;cadena_valor;mayorista hortofruticola Mercamadrid canal horeca;Espana;Madrid;https://frutaseloy.com/;Mayorista y distribuidor hortofruticola con base en Mercamadrid, cerca de 100 anos de historia y mas de 20 en distribucion especializada al canal horeca profesional.;Sirve a mas de 1.000-1.200 restaurantes, hoteles, caterings y colectividades en Madrid, capacidad de reparto de unas 90 toneladas diarias y hasta 1.000 pedidos en cinco horas. Cliente semanal de Rootflow.;desconocido;desconocido;desconocido;desconocido;2026-09;-;-;-;-;intro_calida;Ya compra microbrotes cada semana: convertir la relacion comercial en cliente-inversor con precio preferente y exclusividad de zona, asegurando suministro KM0 para sus 1.000+ cuentas horeca.;Margen mayorista fino, empresa familiar sin historial publico de inversion en proveedores. Riesgo de que prefiera solo contrato de suministro.;cliente_actual;90;A;alta;https://frutaseloy.com/contacto/;https://sivarious.com/proveedores/la-huerta-que-alimenta-a-la-hosteleria-mueve-452-millones-de-kilos-y-enriquece-a-proveedores-20260917-0400/;2026-09-21;ya_en_pipeline
A4-049;Carlos Ortiz de Lucas;angel;cofundador de Aloha Poke, operador de restauracion y retail alimentario;Espana;Madrid;-;Business angel agnostico con tesis declarada en foodtech y consumo. Invierte en fase pre-seed con tickets de 5.000 a 25.000 euros.;Cofundador de Aloha Poke, cadena de restauracion. Operador de retail y alimentacion con foco en escalado fisico, franquicias y experiencia de marca. Inversiones destacadas P-KAP y Kultur.;5000;25000;equity|CeP;si;2026-09;Carlos Ortiz de Lucas;Cofundador de Aloha Poke y business angel;https://www.linkedin.com/in/carlos-ortiz-startup-advisor;-;intro_calida;Operador de restauracion en Madrid: su red de compras y de chefs es valor comercial inmediato para Rootflow y su ticket de 5-25 k encaja con el Plan C de 2 CeP de 20-25 k.;Ticket individual pequeno, requiere sindicar con otros angels. Evidencia procedente de un listado sectorial, sin fecha de operacion concreta.;ninguno;86;A;media;https://nexencapital.com/fundraising/top-150-business-angels-en-espana/;https://www.linkedin.com/in/carlos-ortiz-startup-advisor;2026-09-21;nuevo
A2-002;La Huerta de Aranjuez;cadena_valor;productor hortofruticola con fruterias premium propias;Espana;Aranjuez Madrid;https://lahuertadearanjuez.es/;Empresa familiar de la Vega de Aranjuez con mas de 30 anos, huertas propias y red de fruterias premium en la Comunidad de Madrid con venta a domicilio.;Produccion propia en la Vega de Aranjuez y tiendas propias. Cliente de Rootflow con un microblend co-desarrollado en exclusiva.;desconocido;desconocido;desconocido;desconocido;2026-09;-;-;-;-;intro_calida;Microblend co-desarrollado ya en su lineal: escalar a marca blanca conjunta y entrada como cliente-inversor con condiciones de compra preferentes.;Pyme familiar con capacidad de inversion limitada. Podria preferir ampliar cultivo propio en lugar de invertir.;cliente_actual;86;A;alta;https://lahuertadearanjuez.es/inicio/;https://gastroactivity.com/fruterias-la-huerta-de-aranjuez/;2026-09-21;nuevo
A4-050;Alberto Jimenez San Mateo;angel;cofundador de Smileat, alimentacion infantil ecologica;Espana;Madrid;-;Business angel con tesis en health, foodtech y movilidad. Invierte en 3F, pre-seed y seed con tickets de 5.000 a 25.000 euros. Aporta vision de canal y retail y optimizacion de supply chain.;Cofundador de Smileat, marca espanola de alimentacion infantil ecologica que factura mas de 8 M de euros y compite con Hero y Nestle. Inversiones en Jobandtalent, Luda Partners, Petcoach, Velohub y Payflow.;5000;25000;equity|CeP;si;2026-09;Alberto Jimenez San Mateo;Cofundador de Smileat y business angel;https://www.linkedin.com/in/albertojimenezsanmateo;-;intro_calida;Ha construido una marca de alimentacion desde cero en Madrid y conoce el canal retail y la cadena de suministro de fresco: puede abrir puertas de distribucion ademas de poner ticket.;Ticket individual pequeno, requiere sindicacion. Su cartera es mayoritariamente digital, no produccion agricola. Evidencia de listado sin fecha de operacion concreta.;ninguno;84;A;media;https://nexencapital.com/fundraising/top-150-business-angels-en-espana/;https://elreferente.es/emprendedores/alberto-jimenez/;2026-09-21;nuevo
A3-001;Tokavi Activos;family_office;single family office de origen agroalimentario con programa de venture;España;Lorca (Murcia);https://tokavi.com/;Family office procedente del sector agroalimentario con mas de 20 anios de trayectoria que invierte en pre-seed y seed en agrotech, ecommerce, fintech, proptech y turismo, ademas de inmobiliario.;Colidero la ronda seed de 1,07 M€ de Agrosingularity (foodtech de ingredientes naturales) junto a Tech Transfer Agrifood y Equity4Good. Cartera de 17-25 participadas con 1 exit, muchas en Murcia.;25000;400000;equity;si;2024-06;Victor Cervero Polo;Director y fundador;https://www.linkedin.com/in/victor-cervero-polo-3a800678/;-;intro_calida;FO agro que entiende ciclos de cultivo y margenes hortofruticolas: ticket de 25-400 k€ encaja exacto con los 100 k€ de la ronda y el participativo protege su downside.;Fuera de Madrid. Fecha exacta de la ultima operacion no confirmada. No hay evidencia publica de uso de prestamo participativo.;ninguno;84;A;alta;https://elreferente.es/inversor/tokavi-activos/;https://www.webcapitalriesgo.com/agrosingularity-cierra-una-ronda-de-e1m-liderada-por-tech-transfer-agrifood-tokavi-activos-y-equity4good-ship2b/;2026-09-21;nuevo
A4-051;Andres Casal Goicoechea;angel;cofundador y co-CEO de Wetaca, foodtech de comida preparada;Espana;Andalucia;-;Business angel con tesis exclusiva en foodtech. Invierte en pre-seed con tickets de 5.000 a 25.000 euros y busca negocios de repeticion con margenes claros.;Cofundador y co-CEO de Wetaca, con entendimiento profundo del consumidor y de operaciones de alimentacion. Inversiones en Viver Kombucha, Incapto, Laagam, Tacter, Honei, Zrive y Frankie the King.;5000;25000;equity|CeP;si;2026-09;Andres Casal Goicoechea;Cofundador y co-CEO de Wetaca;https://www.linkedin.com/in/andrescasal;-;intro_calida;Busca negocios de repeticion con margenes claros: Rootflow vende cosecha viva bajo pedido a clientes HORECA recurrentes con margen bruto del 74-77%.;Ticket pequeno. Reside fuera de Madrid, lo que resta al argumento de proyecto visitable. Evidencia de listado sin fecha de operacion concreta.;ninguno;79;A;media;https://nexencapital.com/fundraising/top-150-business-angels-en-espana/;https://elreferente.es/emprendedores/andres-casal/;2026-09-21;nuevo
A4-009+A4-011;Red de Inversores Privados y Family Offices de IESE;red_angels;plataforma de family offices e inversores privados de escuela de negocios;Espana;Barcelona;https://www.iese.edu/es/emprendedores/business-angels/;Red creada en 2003 que reune a mas de 200 inversores activos, clubes de inversion de alumni, family offices y grandes empresas. Campus en Barcelona y Madrid.;Acuerdo con EIT Food para conectar startups agroalimentarias e inversores mediante el Foodtech and Agritech Investment Forum celebrado en Madrid. Elabora el Informe AEBAN de business angels.;20000;desconocido;equity|participativo|CeP;si;2026-06;-;-;-;businessangels@iese.edu;email_generico;Perfil de family office que valora activo real, deuda participativa con downside protegido y TIR base del 33% con apalancamiento publico 1:1 via ENISA.;Acceso preferente a alumni del IESE. Proceso de seleccion competitivo y agenda de foros trimestral que puede no encajar en 6 semanas.;ninguno;78;A;alta;https://www.iese.edu/es/emprendedores/business-angels/;https://capital-riesgo.es/es/articles/iese-business-angels-and-eit-food-join-forces-to-get-together-agrifood-startups-and-investors/;2026-09-21;nuevo
A2-011;Antonio de Miguel S.A.;cadena_valor;distribuidor selectivo de alta gastronomia;Espana;Madrid;https://antoniodemiguel.es/;Empresa familiar fundada en 1984, referente en distribucion selectiva de producto gastronomico de alta gama a hosteleria, con entrega en 24 h en todo el territorio nacional.;Mas de 35 anos como distribuidora de alimentacion selectiva, sede en Madrid y red de representantes comerciales en las principales ciudades espanolas.;desconocido;desconocido;desconocido;desconocido;2026-09;-;-;https://es.linkedin.com/company/antonio-de-miguel-sau;-;evento;Microbrotes y flores comestibles KM0 Madrid como categoria viva y diferencial en un catalogo hoy dominado por producto de larga vida, con exclusividad y marca blanca.;Empresa familiar sin historial publico de entrada en capital de proveedores. Decision concentrada en la propiedad.;ninguno;76;A;media;https://antoniodemiguel.es/;https://antoniodemiguel.es/una-historia-familiar/;2026-09-21;nuevo
A4-044+A6-002;Ecrowd Invest PFP S.L.;crowdfunding;crowdlending de proyectos con impacto positivo CNMV numero 17;Espana;Barcelona;https://www.ecrowdinvest.com/;Primera plataforma espanola de crowdlending para proyectos con impacto directo positivo, autorizada por la CNMV en diciembre de 2023. Financia economia real y sostenible.;Tesis de impacto directo en economia real y sostenibilidad, con proyectos de eficiencia energetica y recursos. Encaja con el CAPEX de clima, aislamiento y camara frigorifica.;desconocido;300000;deuda;si;2026-09;-;-;-;inversores@ecrowdinvest.com;formulario_web;Financiar el CAPEX duro de la nave con deuda de impacto sin diluir: eficiencia hidrica y energetica de la hidroponia mas flujos B2B recurrentes con DSCR 3,70.;Solo deuda, no aporta fondos propios y por tanto no desbloquea ENISA ni SAECA. Complemento, no sustituto del inversor privado.;ninguno;76;A;alta;https://www.ecrowdinvest.com/;https://www.cnmv.es/portal/consultas/servicios-financiacion-participativa/listado-proveedores?lang=es;2026-09-21;nuevo
A2-004;Guillen Merca S.L.;cadena_valor;mayorista Mercamadrid con produccion agricola propia;Espana;Madrid;https://guillenmerca.es/;Mayorista de frutas y hortalizas de Mercamadrid que vende a mayoristas, almacenes, distribucion y hosteleria, con marca premium propia.;Distribuidor en exclusiva de La Atalaya, marca premium de hortalizas cultivada en campos agricolas propios en San Javier Murcia: brocoli, pimientos, alcachofa, guisante y pimiento ecologico.;desconocido;desconocido;desconocido;desconocido;2026-09;-;-;-;-;evento;Ya practican integracion vertical hacia atras con campos propios y marca premium: Rootflow les anade una categoria gourmet KM0 Madrid sin construir capacidad indoor.;No hay evidencia publica de toma de participaciones en terceros. Tamano y capacidad inversora sin verificar.;ninguno;76;A;media;https://guillenmerca.es/;https://www.mercamadrid.es/mercado-central-de-frutas-y-hortalizas/;2026-09-21;nuevo
A6-025;Avalmadrid SGR;publico_coinversor;sociedad de garantía recíproca de la Comunidad de Madrid;España;Madrid;https://www.avalmadrid.es;SGR de referencia de la Comunidad de Madrid, supervisada por el Banco de España. Otorga avales financieros y técnicos para que pymes, autónomos y emprendedores madrileños accedan a financiación bancaria con tipos más bajos y plazos más amplios.;Avala a pymes madrileñas de todos los sectores. Gestiona líneas bonificadas de la Comunidad de Madrid y del Ayuntamiento de Madrid.;desconocido;desconocido;deuda;si;2026-04;-;-;-;avalmadrid@avalmadrid.es;formulario_web;Su web dice literalmente que el aval evita aportar garantías personales adicionales: es la pieza que permite montar la póliza de 50 k€ y el CAPEX bancario respetando la línea roja de los fundadores de no dar avales personales. Además elevó en abril de 2026 a 30 M€ su línea conjunta con Bankinter.;No aporta capital ni computa como fondos propios para ENISA. Exige darse de alta como socio partícipe y pagar comisión de estudio y de aval. Analiza viabilidad y puede pedir garantías sobre el activo financiado.;ninguno;74;B;alta;https://www.avalmadrid.es/avales-financieros/;https://www.avalmadrid.es/noticias/avalmadrid-y-bankinter-elevan-a-30-millones-su-linea-conjunta-de-financiacion-para-pymes-y-autonomos/;2026-09-21;nuevo
A2-005;Frutas Candil S.L.;cadena_valor;mayorista Mercamadrid y Mercabarna canal horeca;Espana;Madrid;https://frutascandil.com/;Mayorista hortofruticola con presencia consolidada en Mercamadrid y Mercabarna y soluciones a medida para restaurantes, hoteles, caterings, supermercados y fruterias.;Doble posicion en los dos principales mercados mayoristas de Espana y linea especifica de suministro a hosteleria.;desconocido;desconocido;desconocido;desconocido;2026-09;-;-;-;-;email_generico;Suministro exclusivo de microbrotes KM0 desde Madrid para su cartera horeca en dos plazas, con opcion de marca blanca y ticket de cliente-inversor.;Sin historial publico de inversion. Negocio de rotacion y margen ajustado.;ninguno;74;B;media;https://frutascandil.com/sobre-nosotros/;https://frutascandil.com/frutas-y-verduras-al-por-mayor-para-hosteleria-supermercados-y-comercios-frutas-candil/;2026-09-21;nuevo
A4-055;Marc Ferran;angel;fundador de Keiro Partners y Claranuts, inversor en agrotech;Espana;Barcelona;-;Economista y fundador de Keiro Partners y Claranuts, cofundador de Toubkal Partners, con presencia en mas de treinta startups desde fases semilla eficientes en capital. Tesis declarada en agrotech.;Fundador de Claranuts, negocio de frutos secos. Inversion destacada en Agrosingularity, startup de valorizacion de subproductos agroalimentarios. Tambien en Holded, Scoolinary, Tacter, Guruwalk, Habitissimo, Woom, Flanks y Yaba.;5000;25000;equity|CeP;si;2026-09;Marc Ferran;Fundador de Keiro Partners y Claranuts;https://www.linkedin.com/in/marc-ferran-00092a7;-;intro_calida;Invierte en agrotech desde fases semilla eficientes en capital y ayuda con cap table y paneles de metricas: perfil ideal para una ronda de 100 k bien estructurada.;Ticket pequeno y base en Barcelona. Evidencia de listado sin fecha de operacion concreta.;ninguno;74;B;media;https://nexencapital.com/fundraising/top-150-business-angels-en-espana/;https://www.linkedin.com/in/marc-ferran-00092a7;2026-09-21;nuevo
A3-005+A5-016;Corporacion Hijos de Rivera (Cosecha de Galicia y MOVE);family_office;corporate venturing e inversiones corporativas de grupo cervecero y de bebidas (Estrella Galicia);España;A Coruña;https://corporacionhijosderivera.com/en/innovation/;Holding de la familia Rivera (Estrella Galicia) que invierte en agricultura propia a traves de Cosecha de Galicia y en startups mediante MOVE Digital Business and Venturing y el ecosistema TheHop.;Lidero la ronda de 4,2 M EUR de Ekonoke, startup de cultivo indoor de lupulo en granja vertical, a traves de Cosecha de Galicia. Invierte tambien en Inproteins (proteina de bagazo) y promueve cultivos de proximidad.;desconocido;desconocido;equity;si;2025-10;Yago Campos;Director de I+D+i de Corporacion Hijos de Rivera;https://www.linkedin.com/in/yagocampos/;-;formulario_web;Es el unico inversor espaniol que ya ha puesto dinero en hidroponia de interior (Ekonoke): Rootflow es el mismo modelo tecnico aplicado a microbrotes premium con ventas reales.;Lidero una ronda de 4,2 M EUR: no hay evidencia de tickets de 100 k EUR ni de instrumentos de deuda participativa. Decision corporativa. Base en Galicia y foco en cultivos ligados a la cerveza.;ninguno;73;B;alta;https://elreferente.es/inversiones/ekonoke-cierra-ronda-inversion-42m-garantizar-produccion-sostenible-cerveza/;https://corporacionhijosderivera.com/;2026-09-21;nuevo
A6-026;Iberaval SGR;publico_coinversor;sociedad de garantía recíproca multirregional;España;Valladolid;https://www.iberaval.es;La SGR más activa de España con más de 45 años, 160.000 empresas apoyadas y 230.000 avales. Opera en Castilla y León, La Rioja, Comunidad de Madrid, Galicia y Cantabria según el directorio oficial de CESGAR.;Avala inversión productiva, compra de maquinaria y circulante estructural de pymes de todos los sectores, con convenios con Caja Rural de Asturias e IGAPE.;desconocido;desconocido;deuda;si;2026-09;-;-;-;iberaval@iberaval.es;formulario_web;Opera en la Comunidad de Madrid y es la SGR con más músculo del país: segunda vía de aval en paralelo a Avalmadrid para el préstamo de CAPEX de la nave y la compra de racks y cámara frigorífica.;No aporta capital. Exige alta como socio partícipe y comisiones. Su foco principal sigue siendo Castilla y León.;ninguno;73;B;alta;https://cesgar.es/sgr/;https://www.iberaval.es/;2026-09-21;nuevo
A4-002+A5-001;Eatable Adventures;aceleradora;aceleradora foodtech con fondo propio (Eatable Evolution Fund FCR I 50 M EUR y Europe Foodtech Acceleration Fund I 30 M EUR);Espana;Madrid;https://eatableadventures.com/;Aceleradora e inversor foodtech con programas Spain Foodtech (con ICEX y CNTA), FoodSeed (Italia) y Raices 2026. Invierte ticket inicial pequeno en las startups de sus programas y acompana con seguimiento.;Inversora en Neboda Farms (agricultura vertical, ronda seed 1,84 M EUR julio 2025) y en Agreen Biosolutions, Agreenet, Mmmico, Regrowth, Beadroots y otras 15+ agrifood. Precedente directo de inversion en CEA en Espana.;desconocido;1000000;equity;si;2026-09;Jose Luis Cabanero;CEO y fundador;-;-;formulario_web;Unico inversor espanol con precedente verificado en agricultura vertical (Neboda): CEA con eficiencia hidrica radical, ERP propio V72 en produccion y roadmap IoT encajan en su tesis agrifoodtech.;Invierte solo via convocatoria de programa con calendario fijo (no encaja en 6 semanas). Instrumento equity, no participativo. Ticket inicial exacto no publicado. Su cartera es deeptech/foodtech, Rootflow es productor.;ninguno;72;B;alta;https://eatableadventures.com/;https://startups-espanolas.es/neboda-levanta-184meur-la-startup-gallega-que-revoluciona-la-agricultura-vertical-en-espana/;2026-09-21;nuevo
A3-011+A4-005+A5-015;Faraday Venture Partners - Club Faraday;red_angels;club de inversion regulado por la CNMV con mas de 250 socios inversores;España;Madrid;https://www.faradayvp.com/;Club europeo de inversores privados fundado en 2011 que permite invertir operacion a operacion sin compromiso de cartera. 64 startups invertidas, 49 M de euros y mas de 200 socios del club.;Cartera agnostica sectorialmente. No consta especializacion agro, pero el modelo deal-by-deal con ticket minimo muy bajo permite sindicar la ronda de Rootflow entre varios socios.;200000;500000;equity|participativo;si;2026-06;-;-;-;-;formulario_web;Su modelo club permite sindicar los 100 k€ entre varios family offices con tickets pequenios, sin depender de un unico lead, y en plazos de semanas.;El ticket agregado habitual por ronda (200-500 k EUR) supera lo que busca Rootflow. Sin tesis agro. No se ha verificado operacion publica desde septiembre 2024. Solo equity.;ninguno;72;B;alta;https://www.faradayvp.com/;https://www.openvc.app/fund/Faraday%20Venture%20Partners;2026-09-21;nuevo
A2-023;Gemusering Gastronomia S.L.;cadena_valor;distribuidor de frutas hortalizas y IV gama para foodservice;Espana;Madrid;https://gemuesering.es/;Filial iberica del grupo aleman Gemusering. Distribuye frutas, verduras y producto de IV y V gama a restauracion colectiva, organizada e independiente desde Madrid, Barcelona y Valencia, con linea Gourmet para alta restauracion.;Sala de produccion propia de IV gama, linea Gourmet de frutas y hortalizas selectas para alta restauracion y suministro a cruceros en todos los puertos de Espana, Portugal y sur de Francia. Asociada a AGEM y expositora en Fruit Attraction.;desconocido;desconocido;desconocido;desconocido;2026-09;-;-;https://es.linkedin.com/company/gemusering-gastronomia;-;evento;Su linea Gourmet para alta restauracion es exactamente el canal de Rootflow: suministro exclusivo KM0 Madrid y co-desarrollo de mezclas para sus cuentas de alta cocina.;Filial de grupo aleman: la decision de capital no se toma en Espana. Sin historial conocido de inversion en proveedores.;ninguno;72;B;media;https://gemuesering.es/;https://www.interempresas.net/Horticola/574529-Asociacion-Empresarial-Frutas-Hortalizas-Mercabarna-(AGEM)-23-firmas-asociadas-Fruit.html;2026-09-21;nuevo
A4-056;Marta Campillo;angel;analista de inversiones en BStartup de Banco Sabadell y business angel;Espana;Barcelona;-;Analista de inversiones con experiencia previa en ACCIO y Esade BAN. Invierte en pre-seed con tickets de 5.000 a 25.000 euros y aporta criterio institucional y acceso a coinversion.;Inversiones destacadas en MOA Foodtech, proteina alternativa a partir de subproductos agroalimentarios, y en Incapto, cafe de consumo directo. Tambien Oxolife, Kymatio, Cafler, Trustiu, Froged y Qbeast.;5000;25000;equity|CeP;si;2026-09;Marta Campillo;Analista de inversiones en BStartup de Banco Sabadell;https://www.linkedin.com/in/mcampillo;-;intro_calida;Doble puerta: ticket propio como angel y acceso a BStartup de Banco Sabadell, ya en la lista de identificados de Rootflow, mas su red de coinversion de Esade BAN.;Su rol institucional puede limitar la inversion personal. BStartup ya figura en la lista de identificados. Base en Barcelona.;ninguno;72;B;media;https://nexencapital.com/fundraising/top-150-business-angels-en-espana/;https://www.linkedin.com/in/mcampillo;2026-09-21;nuevo
A3-003+A4-014+A5-014;Angels Capital;family_office;brazo inversor de Juan Roig, vinculado a Lanzadera y Marina de Empresas;España;Valencia;https://www.angelscapital.es/;Sociedad de inversion de Juan Roig que invierte en startups lideradas por emprendedores, con mas de 40 M€ acumulados y 75 empresas en cartera, y abre coinversion a otros inversores.;Invirtio 400.000 € en FoodVAC (alta cocina al vacio) en coinversion con Herrecha Inversiones. Origen del capital en Mercadona, con conocimiento profundo de cadena alimentaria y frescos.;desconocido;desconocido;equity;si;2025-09;Pepe Peris;Director de Angels;-;-;formulario_web;Producto fresco KM 0 para canal profesional con unit economics probados y ERP propio: el tipo de negocio industrial-alimentario que Angels entiende desde el origen Mercadona.;Ticket medio implicito ~250 k EUR y practicamente solo invierte en startups que han pasado por Lanzadera en Valencia. Solo equity. Sin tesis agroalimentaria especifica.;ninguno;71;B;alta;https://www.angelscapital.es/;https://www.eleconomista.es/capital-riesgo/noticias/13005130/09/24/juan-roig-alcanza-los-40-millones-invertidos-en-startups-a-traves-de-angels.html;2026-09-21;nuevo
A4-060;Francois Derbaix;angel;cofundador de Indexa Capital y de Bewater Funds, inversor con tesis foodtech;Espana;Madrid;-;Cofundador y CEO de Indexa Capital y cofundador de Bewater Funds, emprendedor en Toprural, Rentalia, Aplazame y Soysuper. Tesis agnostica que incluye foodtech. Tickets de 5.000 a 25.000 euros.;Cofundador de Soysuper, comparador de supermercados online. Inversor en decenas de startups con ecosistema de coinversion maduro.;5000;25000;equity|CeP|revenue_share;si;2026-09;Francois Derbaix;Cofundador y CEO de Indexa Capital y cofundador de Bewater Funds;https://www.linkedin.com/in/fderbaix;-;intro_calida;Bewater Funds invierte en companias rentables sin salida forzada, filosofia compatible con dividendos bloqueados y retorno via participativo mas kicker.;Bewater Funds ya figura en la lista de identificados de Rootflow. Enfoque analitico muy exigente en metricas y eficiencia de capital.;ninguno;71;B;media;https://nexencapital.com/fundraising/top-150-business-angels-en-espana/;https://www.linkedin.com/in/fderbaix;2026-09-21;nuevo
A4-031+A6-005;GoCrowd PSFP;crowdfunding;plataforma de crowdequity y crowdlending autorizada por la CNMV numero 25;Espana;Espana;https://www.gocrowd.es/;Plataforma autorizada por la CNMV que opera dos lineas, inversion en capital y prestamo, con proyectos de economia real y ticket minimo de 500 euros por inversor.;En la verificacion de septiembre de 2026 tenia abierta una campana de crowdlending para el Restaurante O Quinito por 8.000 euros: financia negocios de restauracion y hosteleria reales.;8000;desconocido;equity|deuda;si;2026-09;-;-;-;-;formulario_web;Ya financian proyectos de restauración de importe pequeño, por lo que un préstamo a un proveedor KM 0 de HORECA premium es un activo reconocible para su base inversora.;Volumen historico concentrado en operaciones de prestamo. Proyectos de importe pequeno, puede no cubrir 100 k en una sola campana.;ninguno;71;B;alta;https://www.gocrowd.es/;https://www.cnmv.es/portal/consultas/servicios-financiacion-participativa/listado-proveedores?lang=es;2026-09-21;nuevo
A4-003;BAN madri+d (Business Angels Network madri+d);red_angels;red publica de business angels de la Comunidad de Madrid;Espana;Madrid;https://www.madrimasd.org/emprendedores/ban-madrid;Red de business angels promovida por la Fundacion madri+d para facilitar financiacion semilla a empresas de base cientifica y tecnologica de la Comunidad de Madrid. Organiza cuatro foros de inversion anuales.;Red generalista de base tecnologica. No consta cartera agro especifica, pero admite proyectos de tecnologia aplicada y el roadmap IoT y el ERP propio de Rootflow encajan en su criterio de base tecnologica.;10000;280000;equity|participativo;si;2026-09;-;-;-;-;formulario_web;Empresa madrilena, tangible y visitable en Las Rozas, con ERP propio V72 en produccion: encaja en el mandato regional de madri+d y el angel puede ir a ver la instalacion el sabado.;Foco declarado en base cientifico-tecnologica y deeptech. Ticket promedio de 280.000 euros muy por encima de la ronda de Rootflow. Entrada obligada via Startup Radar madri+d.;ninguno;70;B;alta;https://www.madrimasd.org/emprendedores/ban-madrid;https://business-angel.es/directorio-redes-business-angels/;2026-09-21;nuevo
A4-054;Carles Leg;angel;business angel con foco en foodtech e impacto;Espana;Barcelona;-;Tres decadas ayudando a startups a escalar con enfoque muy operativo. Tesis declarada en foodtech e impacto. Invierte en 3F y pre-seed con tickets de 5.000 a 25.000 euros.;Sensibilidad declarada por impacto y alimentacion sostenible. Inversiones destacadas en Bleta e Insectius, esta ultima de proteina de insecto para alimentacion.;5000;25000;equity|CeP;si;2026-09;Carles Leg;Business angel;-;-;intro_calida;Perfil de alimentacion sostenible con enfoque operativo: la hidroponia de precision con cosecha bajo pedido y zero inventory es exactamente su tipo de tesis.;Ticket pequeno y geografia catalana. Su email publicado es personal y no debe usarse sin consentimiento.;ninguno;70;B;media;https://nexencapital.com/fundraising/top-150-business-angels-en-espana/;https://nexencapital.com/fundraising/top-150-business-angels-en-espana/;2026-09-21;nuevo
A4-010;Esade Alumni Business Angels (Esade BAN);red_angels;red de business angels de alumni de escuela de negocios;Espana;Barcelona;https://www.esadealumni.net/es/inversores/sobre-esade-ban;Red de inversores promovida por Esade Alumni, fundada en 2007. 48 M de euros invertidos, 317 startups financiadas, mas de 250 inversores y 20 foros de inversion al ano incluyendo foro en Madrid.;Red generalista con tickets desde 10.000 euros y ticket medio de 130.000 euros en fases pre-seed y seed. Reconocida por EBAN en 2016 como mejor red privada de business angels de Europa.;10000;1000000;equity|participativo|CeP;si;2026-09;-;-;-;entrepreneurship@alumni.esade.edu;email_generico;Tickets desde 10.000 euros y 20 foros al ano: la red donde mas facil es sindicar cuatro o cinco cuentas en participacion de 20-25 k en pocas semanas.;Sede y masa critica de inversores en Barcelona. Acceso preferente a alumni de Esade. Foco historico en tecnologia mas que en produccion agricola.;ninguno;70;B;alta;https://www.esadealumni.net/es/inversores/sobre-esade-ban;https://business-angel.es/directorio-redes-business-angels/;2026-09-21;nuevo
A4-059;Felix Ruiz Hernandez;angel;fundador de Tuenti y Playtomic, inversor con tesis foodtech;Espana;Madrid;-;Fundador de Tuenti y ex presidente de Jobandtalent, fundador y co-CEO de Playtomic y Storybeat. Tesis que incluye foodtech, marketplace y ecommerce. Tickets de 5.000 a 25.000 euros en 3F, pre-seed y seed.;Inversiones destacadas en Glovo y Fudeat, ambas del ambito de alimentacion y delivery. Tambien Jobandtalent, Wegow, Syltek, Vitcord y Black Limba.;5000;25000;equity|CeP;si;2026-09;Felix Ruiz Hernandez;Fundador de Tuenti y co-CEO de Playtomic;https://www.linkedin.com/in/felix-ruiz-hernandez-694ba113;-;intro_calida;Angel madrileno de primer nivel con historial en alimentacion y delivery: su entrada valida la ronda ante el resto del sindicato.;Perfil muy digital y de escalabilidad internacional, no de produccion agricola. Dealflow muy competido.;ninguno;70;B;media;https://nexencapital.com/fundraising/top-150-business-angels-en-espana/;https://www.linkedin.com/in/felix-ruiz-hernandez-694ba113;2026-09-21;nuevo
A2-025;Fruteria Vazquez;cadena_valor;fruteria gourmet premium Madrid;Espana;Madrid;https://frutasvazquez.com/;Fruteria gourmet de referencia en el barrio de Salamanca fundada en 1943, con mas de ochenta anos y tres generaciones, que sirve a particulares, restauradores y aficionados exigentes.;Pionera en Espana en la importacion de frutas exoticas como kiwis, papayas y mangos. Referencia de producto para las mesas mas distinguidas de Espana.;desconocido;desconocido;desconocido;desconocido;2026-09;Felix Vazquez;Propietario segunda generacion;-;-;intro_calida;Escaparate de prestigio en el barrio de Salamanca y prescriptor ante chefs: microbrotes KM0 vivos como novedad de temporada y acuerdo de exclusividad en su zona.;Negocio minorista de tamano limitado. Ticket de inversion probablemente pequeno o simbolico.;ninguno;70;B;media;https://frutasvazquez.com/;https://www.esmadrid.com/en/shopping/fruteria-vazquez;2026-09-21;nuevo
A4-053;Marcos Alves;angel;directivo de ElTenedor y Luda Partners, inversor en food;Espana;Madrid;-;Directivo del sector de plataformas de restauracion y distribucion que invierte activamente en companias relacionadas con alimentacion.;CEO de ElTenedor, plataforma de reservas de restaurantes, y director de crecimiento de Luda Partners. Invierte de forma activa en companias relacionadas con la alimentacion.;desconocido;desconocido;equity|CeP;si;2026-09;Marcos Alves;Directivo de ElTenedor y de Luda Partners;-;-;intro_calida;Su red es literalmente la base de datos de restaurantes de Espana: el canal directo a chef de Rootflow se multiplica con una introduccion suya.;Evidencia procedente de un unico listado editorial, sin fecha ni importe de operaciones. Verificar cargo actual antes de contactar.;ninguno;70;B;baja;https://emprendedores.es/startups/espanolas/business-angels-inversores/;https://emprendedores.es/gestion/business-angels-inversores/;2026-09-21;nuevo
A2-003;Mercamadrid S.A.;cadena_valor;unidad alimentaria y gestora del mercado mayorista;Espana;Madrid;https://www.mercamadrid.es/;Mayor plataforma de distribucion, comercializacion, transformacion y logistica de alimentos frescos de Espana, con unas 350 empresas mayoristas instaladas.;El Mercado Central de Frutas y Hortalizas ocupa unos 125.000 m2 con unas 150 empresas mayoristas y 2 millones de toneladas anuales. Fuerte crecimiento de IV y V gama tras la recuperacion de la hosteleria.;desconocido;desconocido;desconocido;desconocido;2026-09;-;-;-;mercamadrid@mercamadrid.es;email_generico;Acuerdo de consignacion ya en borrador: consolidarlo y usarlo como puerta de entrada a las 150 mayoristas de la nave de frutas y hortalizas.;Es gestora de la unidad alimentaria, no inversora. Su valor es de canal y prescripcion, no de capital.;ninguno;70;B;alta;https://www.mercamadrid.es/mercado-central-de-frutas-y-hortalizas/;https://www.mercasa.es/merca/mercamadrid/;2026-09-21;nuevo
A1-009+A3-009+A5-008;Pascual Innoventures (Calidad Pascual);cvc;corporate venturing de grupo lacteo y de bebidas, con incubadora Mylkcubator;Espana;Madrid;https://www.pascualinnoventures.com/;Unidad de corporate venturing de Pascual creada en 2021 como sociedad independiente para identificar y desarrollar nuevos negocios agroalimentarios. Modelo de cuatro pilares: explorar, inventar, invertir y acelerar.;Mas de 2 M USD invertidos en las tres ediciones de Mylkcubator, con ecosistema que ha levantado 104,5 M USD. Tercera edicion ampliada a ingredientes funcionales, huevo, cafe, grasas, cacao y sustitutos.;desconocido;desconocido;equity;si;2026-03;-;-;-;-;formulario_web;Proyecto agroalimentario madrileño, tangible y visitable en Las Rozas, con ERP propio e IoT en roadmap: encaja con su foco de innovacion en cadena alimentaria.;Tesis centrada en proteina alternativa, lacteo sin animal e ingredientes: un productor de microbrotes frescos queda fuera de su foco declarado. Invierte via convocatoria de Mylkcubator. TICKET UNITARIO NO PUBLICADO: solo consta el agregado de mas de 2 M USD en tres ediciones.;ninguno;70;B;alta;https://www.elespanol.com/invertia/disruptores/ecosistema-startup/aceleradoras/20250324/pascual-innoventures-fabrica-startups-invierte-acelera-ideas-gestan-alimentacion-futuro/932657134_0.html;https://eatableadventures.com/news/calidad-pascual-corporate-venturing-pascual-innoventures/;2026-09-21;nuevo
A4-004;Keiretsu Forum Spain;red_angels;capitulo espanol de la mayor red internacional de business angels;Espana;Madrid;https://keiretsuforum.es/;Mayor red internacional de business angels con 53 sedes en 27 paises. En Espana opera capitulos en Madrid, Barcelona, Andalucia, Euskadi y Comunitat Valenciana-Murcia, con foros periodicos de presentacion ante inversores acreditados.;En 2026 ha cerrado 11 operaciones de 94 startups presentadas en 11 foros, con tickets de 50.000 a 500.000 euros. Sectores prioritarios declarados IA, salud, biotech y software B2B, no agro.;50000;500000;equity|participativo;si;2026-09;-;-;-;comunicacion@keiretsuforum.com;evento;Foro de inversion en Madrid el 27 de octubre de 2026: ventana de tiempo perfecta para el objetivo de term sheet del 31/10 y permite sindicar 2 o 3 tickets de 20-50 k.;Sectores prioritarios declarados no incluyen agro ni food. Cobra fees por presentar. Ya figura en la lista de identificados de Rootflow.;ninguno;69;B;alta;https://keiretsuforum.es/;https://elreferente.es/startups/11-startups-ya-han-conseguido-financiacion-en-keiretsu-forum-en-lo-que-va-de-2026/;2026-09-21;ya_identificado
A6-019;Workcapital;deuda_alternativa;factoring, descuento de pagarés y circulante para pymes;España;Valencia;https://workcapital.es;Financiera independiente con más de diez años anticipando facturas y pagarés a pymes y autónomos, con abono en menos de 24 horas y sin consumir CIRBE. La CNMV autorizó la ampliación de su fondo de titulización Workcapital I hasta 100 M€ para incorporar factoring sin recurso y confirming.;Financia facturas de clientes privados y organismos públicos de cualquier sector, incluida distribución alimentaria.;desconocido;desconocido;deuda;si;2026-09;-;-;-;info@workcapital.es;email_generico;Rootflow ya tiene modelado factoring del 60 % de facturas sobre clientes de distribución solventes como La Huerta de Aranjuez y Frutas Eloy: es una línea de circulante lista para montar sin tocar la ronda.;Es financiación de circulante, no inversión. Coste financiero superior al bancario y no aporta fondos propios para ENISA.;ninguno;69;B;alta;https://workcapital.es/;https://valenciaplaza.com/valenciaplaza/tierra-de-empresas/workcapital-refuerza-su-capacidad-de-financiacion-tras-la-ampliacion-de-su-fondo-de-titulacion-hasta-los-100-millones;2026-09-21;nuevo
A6-036;Cajamar Caja Rural;banca;banca cooperativa especializada en agroalimentario;España;Almería;https://www.cajamar.es/es/agroalimentario/;Entidad de referencia en financiación al sector primario con una cuota nacional del 15,2 % y más del 40 % de su nueva financiación empresarial concedida al agro en 2025. Cuenta con Cajamar Innova, sus programas de aceleración de Agua, Agrotech y Foodtech.;En julio de 2026 seleccionó 22 proyectos entre 197 candidaturas. Empresas pasadas por el programa han levantado después financiación: Ikos Advanced 8 M€, Cimico 7 M€, Captoplastic 5 M€, GrodiTech 2,5 M€ y Widhoc 2 M€. Adelanta además las ayudas de la PAC para dar liquidez al sector.;desconocido;desconocido;deuda;si;2026-09;-;-;-;-;formulario_web;Es el banco que mejor entiende un P&L hortícola y el único con una aceleradora agrotech y foodtech propia: doble vía de circulante y de visibilidad ante sus programas Innova y Plataforma Tierra.;Es banca, no inversor: financiará con garantías y no aporta fondos propios para el ratio de ENISA. Sede y foco comercial en el sureste, menor presencia relativa en Madrid. Las convocatorias Innova 2026 cerraron en abril, la siguiente ventana es 2027.;ninguno;68;B;alta;https://www.cajamar.es/es/comun/informacion-corporativa/sala-de-prensa/noticias-agro/cajamar-innova-convoca-una-nueva-edicion-de-sus-programas-de-aceleracion-de-agua-agrotech-y-foodtech/;https://noticiasbancarias.com/bancos/16/09/2026/cajamar-innova-selecciona-ocho-startups-agrotech-para-impulsar-nuevas-tecnologias-agricolas/288843.html;2026-09-21;nuevo
A2-012;Grupo Prodesco;cadena_valor;grupo de distribucion y soluciones gastronomicas;Espana;Madrid;https://www.grupoprodesco.com/;Grupo madrileno formado por cuatro empresas especializadas que trabajan de forma coordinada en distribucion, logistica y soluciones gastronomicas para chefs y profesionales de la restauracion.;Estructura de cuatro companias de distribucion y logistica alimentaria orientadas a optimizar la cocina profesional.;desconocido;desconocido;desconocido;desconocido;2026-09;-;-;-;-;email_generico;Su discurso es de partner del chef, no de simple proveedor: Rootflow le da producto vivo KM0 exclusivo y capacidad de desarrollar mezclas a medida por cliente.;Grupo con varias sociedades, estructura de decision poco transparente desde fuera.;ninguno;68;B;media;https://www.grupoprodesco.com/empresa;https://www.proveedores.com/delicatessen/madrid;2026-09-21;nuevo
A4-061;Jose Ignacio Solaeche;angel;directivo comercial y de compras, business angel multisector con tesis foodtech;Espana;Madrid;-;Directivo con experiencia en areas comercial, compras y direccion de unidad de negocio. Tesis que incluye foodtech. Tickets de 5.000 a 25.000 euros en 3F y pre-seed.;Foodtech figura entre sus sectores de tesis declarados. Cartera amplia y multisector con Signaturit, Silence, Exoticca, Union Avatars, Validated ID, Pharmacelera, Neutroon y Talent Clue.;5000;25000;equity|CeP;si;2026-09;Jose Ignacio Solaeche;Directivo y business angel;https://www.linkedin.com/in/joseignaciosolaeche;-;intro_calida;Perfil de direccion comercial y compras en Madrid: aporta profesionalizacion de la venta a distribucion y negociacion con mayoristas ademas del ticket.;Cartera sin operaciones agro documentadas. Ticket pequeno. Evidencia de listado sin fecha de operacion concreta.;ninguno;68;B;media;https://nexencapital.com/fundraising/top-150-business-angels-en-espana/;https://www.linkedin.com/in/joseignaciosolaeche;2026-09-21;nuevo
A6-020;Novicap;deuda_alternativa;factoring, confirming y préstamos de circulante;España;Barcelona;https://novicap.com;Plataforma tecnológica de gestión de circulante con líneas de factoring, descuento de pagarés, anticipo de facturas, confirming estándar y pronto pago, y línea de préstamos.;Financia circulante de empresas de múltiples sectores incluido químico y distribución. Sin especialización agro declarada.;desconocido;desconocido;deuda;si;2026-09;-;-;-;-;formulario_web;Una sola línea cubre a la vez el factoring del 60 % de facturas HORECA y el confirming a proveedores de sustrato y semilla, liberando la póliza de 50 k€ para el pico de tesorería.;Circulante, no capital. El precio depende del rating de los clientes deudores y Rootflow tiene concentración alta en pocos distribuidores.;ninguno;68;B;alta;https://novicap.com/;https://novicap.com/soluciones/cobros-de-clientes/factoring/;2026-09-21;nuevo
A5-005+A5-006;Sodena (Sociedad de Desarrollo de Navarra);publico_coinversor;aceleradora de innovacion agroalimentaria con dotacion economica y contratos con empresas tractoras;Espana;Pamplona;https://sodena.com/eu/orizont-acelerara-tres-proyectos-agroalimentarios-en-su-iv-edicion/;Aceleradora agroalimentaria creada por Sodena. Combina dotacion economica por startup, mentorizacion y acceso a capital riesgo de Sodena, mas el programa Match Point de contratos con grandes empresas.;Empresas tractoras del programa: General Mills, Viscofan, Grupo AN, Florette, Iberfruta, IAN Grupo Alimentario y Grupo Apex. Contrato minimo declarado de 25.000 EUR con la empresa tractora. Ediciones previas con dotacion de hasta 110.000 EUR por startup.;25000;110000;equity|participativo|desconocido;si;-;-;-;-;-;formulario_web;Es de los pocos programas espanoles cuyo ticket (hasta ~110 k EUR) cubre por si solo la parte privada de la ronda, y el Match Point puede convertirse en contrato comercial con Florette o Grupo AN.;Requiere vinculacion con Navarra y desarrollo del proyecto alli, calendario de convocatoria anual que no encaja con el term sheet del 31/10/2026. Importes de dotacion varian por edicion y no estan confirmados para la ultima convocatoria.;ninguno;68;B;media;https://www.sociedadespublicasdenavarra.es/eu/node/12763;https://www.sociedadespublicasdenavarra.es/eu/node/8683;2026-09-21;nuevo
A3-008;CAPSA Impact (ex CAPSA Vida);cvc;corporate venture de CAPSA Food orientado a impacto en alimentacion;España;Granda - Siero (Asturias);https://www.capsavida.com/;Vehiculo de inversion e innovacion de CAPSA Food que invierte en proyectos innovadores de alimentacion con impacto social y medioambiental, organizado en Comunidades, Naturaleza y Familias sanas.;Mas de 500 startups analizadas, decenas de pilotos y 8 proyectos consolidados en el cierre de la etapa CAPSA Vida en 2025. Base agroalimentaria lactea (Central Lechera Asturiana).;desconocido;desconocido;equity;si;2025-12;-;-;-;-;formulario_web;Impacto medible y cuantificado: ahorro de agua frente a campo abierto, KM 0 y sustitucion de importacion, con producto ya vendido a HORECA.;Base cooperativa lactea, no family office puro. Asturias. Tesis centrada en lacteo, ganaderia y nutricion, no en horticola.;ninguno;67;B;alta;https://www.capsavida.com/;https://shizune.co/investors/food-and-beverage-investors-spain;2026-09-21;nuevo
A6-021;Finanzarel;deuda_alternativa;marketplace de anticipo de facturas y descuento de pagarés;España;Barcelona;https://www.finanzarel.com;Marketplace que subasta facturas y pagarés entre inversores profesionales para que la pyme obtenga el mejor precio. Financia en base al perfil crediticio de los clientes deudores, no del cedente.;Opera con pymes de servicios y distribución. Sin especialización agro declarada.;desconocido;desconocido;deuda;si;2026-09;-;-;-;-;formulario_web;Declara expresamente sin avales ni garantías personales y sin consumir CIRBE, que es la línea roja de los fundadores, y valora el riesgo de los clientes de distribución, no el de una SL de seis meses.;Sin compromiso de volumen: el precio se fija en subasta y puede variar. No aporta fondos propios.;ninguno;67;B;alta;https://www.finanzarel.com/;https://www.finanzarel.com/;2026-09-21;nuevo
A2-006;Agronatural Frutas y Hortalizas;cadena_valor;mayorista Mercamadrid con retail propio;Espana;Madrid;https://www.agronaturalfrutasyhortalizas.es/;Mayorista con puesto en Mercamadrid que suministra a hosteleria, tiendas, comercios, colectividades, colegios y residencias, con dos tiendas propias en Madrid.;Posicion en Mercamadrid mas tiendas minoristas en Vallecas y Retiro: doble canal mayorista y retail en Madrid capital.;desconocido;desconocido;desconocido;desconocido;2026-09;-;-;-;-;email_generico;Microbrotes vivos como producto de alto margen para su canal horeca y como reclamo diferencial en sus dos tiendas propias.;Empresa pequena, capacidad de ticket probablemente por debajo de 20 k EUR.;ninguno;66;B;media;https://www.agronaturalfrutasyhortalizas.es/es/mayoristas-de-frutas-y-verduras-mercamadrid.html;https://www.agronaturalfrutasyhortalizas.es/es/;2026-09-21;nuevo
A3-012+A4-013;BIGBAN Investors Spain;red_angels;red nacional de inversores early stage con categoria de socio Family Office y servicio de coinversion;España;Valencia;https://bigban.org/;Red de inversores privados de early stage fundada en 2007 que agrupa mas de 200 inversores de 20 provincias, con perfiles de socio diferenciados para business angels, VC, corporates y family offices.;Ha financiado mas de 300 startups a traves de mas de 17 vehiculos de coinversion y mas de 60 foros de inversion. Socios institucionales CaixaBank, ENISA, Capital Cell y Oracle.;20000;desconocido;equity|participativo|CeP;si;2026-06;-;-;-;-;formulario_web;Sus vehiculos de coinversion permiten agregar tickets pequenos y su socio institucional ENISA refuerza la logica del apalancamiento publico 1:1 que plantea Rootflow.;No invierte en balance propio. Requiere ser seleccionado en su dealflow. Sede en Valencia aunque red nacional.;ninguno;66;B;alta;https://bigban.org/conoce-bigban/;https://bigban.org/perfiles-de-inversor/;2026-09-21;nuevo
A6-022;Circulantis S.L.;deuda_alternativa;crowdfactoring de pagarés y facturas;España;Torrent (Valencia);https://circulantis.com;Primera plataforma española de crowdfactoring, operando desde 2014. Permite a pymes y autónomos financiar circulante con la garantía exclusiva de los créditos a cobrar de sus clientes solventes. Más de 250 M€ de crédito concedido.;Publica operaciones de sectores muy diversos incluidos organismos públicos y administraciones. Sin especialización agro.;desconocido;desconocido;deuda;si;2026-09;-;-;-;-;formulario_web;Sin retención y con la sola garantía del crédito a cobrar: Rootflow monetiza las facturas de La Huerta de Aranjuez y Frutas Eloy sin comprometer el balance ni pedir aval a los socios.;No está registrada en CNMV como plataforma de financiación participativa porque el descuento de pagarés y facturas es actividad libre. Menor protección regulatoria para el cedente y el inversor.;ninguno;66;B;alta;https://circulantis.com/;https://circulantis.com/sobre-nosotros;2026-09-21;nuevo
A3-013+A4-029;Dozen Investments PSFP;crowdfunding;plataforma de financiacion participativa autorizada por CNMV con foco Food and Beverage;España;Barcelona;https://dozeninvestments.com/;Plataforma online de inversion en startups autorizada y supervisada por la CNMV. Selecciona startups de alto potencial y acompana al inversor desde la inversion hasta la desinversion.;Rondas abiertas verificadas en septiembre de 2026 de entre 200.000 y 1.300.000 euros. Cartera generalista sin vertical agro documentada.;200000;1300000;equity;si;2026-09;-;-;-;hello@dozeninvestments.com;formulario_web;Permite agregar muchos tickets pequenios de inversores particulares y family offices en torno a un activo real y comprensible como una granja urbana de microbrotes.;Vehiculo de agregacion: implica muchos socios en cap table y dilucion, choca con la linea roja de dilucion minima salvo que se estructure via CeP o SPV.;ninguno;66;B;alta;https://dozeninvestments.com/;https://elreferente.es/inversor/dozen-investments/;2026-09-21;nuevo
A4-057;Emilio Nicolas Riquelme;angel;cofundador de Erasmusu, inversor con preferencia por proyectos de Murcia;Espana;Murcia;-;Ingeniero y cofundador de Erasmusu con salida a Spotahome. Invierte en 3F, pre-seed y seed con tickets de 5.000 a 25.000 euros y aporta producto, growth y red local.;Inversion destacada en Agrosingularity, startup de valorizacion de subproductos agroalimentarios. Tambien en Tacter, GrowPro, ReadyMe, Nido Robotics y Erasmusu.;5000;25000;equity|CeP;si;2026-09;Emilio Nicolas Riquelme;Cofundador de Erasmusu y business angel;https://www.linkedin.com/in/emilionicolas;-;intro_calida;Su red local murciana conecta con el mayor cluster hortofruticola de Espana, util tanto para inversion como para acuerdos de distribucion.;Preferencia declarada por proyectos proximos a Murcia, lo que penaliza a un proyecto de Las Rozas. Ticket pequeno.;ninguno;66;B;media;https://nexencapital.com/fundraising/top-150-business-angels-en-espana/;https://www.linkedin.com/in/emilionicolas;2026-09-21;nuevo
A3-002;Grupo Chova;family_office;familia empresaria valenciana con area propia de Agricultura y coinversion directa;España;Tavernes de la Valldigna (Valencia);https://chovagroup.com/;Family office de familia empresaria con cinco areas declaradas: mercado de capitales, inversiones directas y coinversiones, inmobiliario, agricultura e inversiones alternativas (PE, infra y VC).;Agricultura es una de sus cinco areas de inversion declaradas en su propia web, junto a inversiones directas y coinversiones. Origen familiar en la Comunidad Valenciana.;desconocido;desconocido;equity|desconocido;desconocido;-;-;-;-;info@chovagroup.com;email_generico;Pocas oportunidades de agricultura de alto valor con activo real visitable y estructura de deuda participativa: encaja con su vertical agricola y su formato de coinversion.;No publica tickets ni criterios. Sin operaciones early stage documentadas publicamente. Fuera de Madrid.;ninguno;66;B;alta;https://chovagroup.com/;https://venturecapitalarchive.com/blogs/25-active-family-offices-in-spain;2026-09-21;nuevo
A2-030;Grupo Paraguas;cadena_valor;grupo de restauracion premium con capacidad inversora;Espana;Madrid;https://www.amazonicorestaurant.com/madrid-es/;Grupo de restauracion de lujo fundado por Sandro Silva y Marta Seco con 19 restaurantes y presencia en cinco capitales, propietario de marcas como El Paraguas, Ten con Ten, Amazonico y Numa Pompilio.;En 2026 ha lanzado el Club Metropolis en Madrid combinando fine dining, hotel boutique y terraza, y prepara la apertura del Fortuny Home Club. Gestiona siete propuestas gastronomicas en el edificio Metropolis.;desconocido;desconocido;desconocido;desconocido;2026-05;Sandro Silva y Marta Seco;Cofundadores;-;-;intro_calida;Suministro exclusivo de microbrotes y flores comestibles KM0 para sus 19 restaurantes premium, con la opcion de entrar como cliente-inversor y asegurar producto propio diferencial.;Su capital se reinvierte en aperturas y locales, no en proveedores. Sin precedente conocido de inversion en la cadena de suministro.;ninguno;66;B;media;https://www.elespanol.com/madrid/ocio/20260527/sandro-marta-pareja-imperio-grupo-paraguas-restaurantes-club-metropolis-presencia-capitales/1003744260203_0.html;https://www.idealista.com/en/news/luxury-real-estate-in-spain/2026/02/12/881351-the-paraguas-group-opens-club-metropolis-a-luxury-space-in-madrid-with;2026-09-21;nuevo
A4-052;Sebastien Chartier;angel;fundador de CreaCapital y de Kara Consultores de Restauracion;Espana;Madrid;-;Inversor privado y fundador de varias companias, entre ellas una consultora especializada en restauracion. Invierte en startups digitales y de consumo.;Fundador de Kara Consultores de Restauracion y de CreaCapital. Su cartera incluye proyectos ligados a alimentacion y restauracion como Dietox, ademas de Otogami Technologies, Agora News, Reclamador, The Mad Video, Singularu y Helloumi.;desconocido;desconocido;equity|CeP;si;2026-09;Sebastien Chartier;Fundador de CreaCapital y de Kara Consultores de Restauracion;-;-;intro_calida;Consultor de restauracion con cartera inversora: entiende la cuenta de explotacion de un restaurante y por tanto el valor real de un microbrote KM0 en el emplatado.;No se ha podido verificar ticket, actividad reciente ni ciudad exacta con fuente primaria. Verificar antes de contactar.;ninguno;66;B;baja;https://emprendedores.es/startups/espanolas/business-angels-inversores/;https://emprendedores.es/gestion/business-angels-inversores/;2026-09-21;nuevo
A5-002;Tech Transfer Agrifood FCR;vc;fondo agroalimentario orientado a demanda, 15 M EUR, gestionado por Clave Capital;Espana;Valencia;https://www.techfoodmag.com/espacio/tech-transfer-agrifood/;Primer fondo espanol especializado en agroalimentacion orientado a demanda: recoge retos de la industria y financia las soluciones tecnologicas que los resuelven. 19 participadas.;Lidero la ronda de 3,5 M EUR de Groots (agricultura vertical, Martorell y Madrid) y la de 1 M EUR de Agrosingularity. 14 soluciones invertidas por 2,346 M EUR en dos convocatorias (media aproximada 168 k EUR).;desconocido;desconocido;equity;si;2025-12;-;-;-;-;formulario_web;Su ticket medio historico (~168 k EUR) es de los pocos compatibles con una ronda de 100 k EUR, y ya han financiado agricultura vertical en Espana (Groots).;Invierte contra retos planteados por la industria y con sesgo a transferencia tecnologica universidad/centro tecnologico. Rootflow no es spin-off. Solo equity. Convocatorias con plazos. El ticket unitario no esta publicado: la media de 168 k EUR es un calculo sobre los totales que si publican.;ninguno;66;B;media;https://www.webcapitalriesgo.com/tech-transfer-agrifood-gestionado-por-clave-busca-soluciones-tecnologicas-para-ayudar-a-la-industria-agroalimentaria-a-adaptarse-a-los-nuevos-habitos-de-consumo/;https://tracxn.com/d/venture-capital/tech-transfer-agrifood/__lEHOrV1so59pfpfmq1EOpOuZ4k5aCvmGtRC4oPSw8tc;2026-09-21;nuevo
A2-007;Frutas Hermanos Ruiz Gomez;cadena_valor;mayorista Mercamadrid IV gama;Espana;Madrid;https://frutashrg.com/;Mayorista especializado en venta al por mayor de productos horticolas frescos y de cuarta gama con cuatro puestos en Mercamadrid.;Cuatro puntos de venta en Mercamadrid nave F puestos 38 a 44. Linea de IV gama propia.;desconocido;desconocido;desconocido;desconocido;2026-09;-;-;-;-;email_generico;Su apuesta por IV gama encaja con microbrotes en formato monodosis y bandeja para emplatado, con produccion KM0 a 30 minutos de su puesto.;Sin datos publicos de facturacion ni de inversiones. Confianza media.;ninguno;64;B;media;https://frutashrg.com/;http://frutashrg.com/quienes-somos/;2026-09-21;nuevo
A2-026;Supermercados Sanchez Romero;cadena_valor;retail alimentario premium Madrid;Espana;Madrid;https://sanchez-romero.com/;Cadena de supermercados premium con diez tiendas, todas en Madrid, propiedad de un grupo de inversores privados liderado por Enric Ezquerra desde 2017.;Plan de renovacion dotado con 10 millones de euros y nuevo concepto Premium 360 que fusiona super, mercado tradicional, tienda gourmet, food market y degustacion. Decima apertura en el barrio de Salamanca.;desconocido;desconocido;desconocido;desconocido;2026-09;Enric Ezquerra;Presidente Ejecutivo;-;-;formulario_web;Concepto Premium 360 con secciones teatralizadas: un punto de cosecha viva de microbrotes en tienda es exactamente el tipo de diferencial que buscan, con marca propia.;Propiedad de inversores financieros centrados en el retail. Invertir en un proveedor agricola se sale de su tesis.;ninguno;64;B;alta;https://sanchez-romero.com/almagourmet/actualidad/supermercados-sanchez-romero-abre-su-decimo-establecimiento-en-madrid/;https://www.sweetpress.com/distribucion/supermercados-sanchez-romero-inaugura-su-decimo-establecimiento-en-madrid-bajo-el-concepto-premium-360-CKSP14040;2026-09-21;nuevo
A4-015;BANC - Business Angels Network Catalunya;red_angels;red de business angels con foodtech entre sus sectores prioritarios;Espana;Barcelona;-;Primera red de business angels de Cataluna, fundada en 2002. Ha inyectado cerca de 10 M de euros en mas de 50 proyectos con ticket medio de 162.000 euros en fases semilla y arranque.;Declara foodtech entre sus sectores prioritarios, junto a biotech, industria 4.0, movilidad y construccion sostenible. Es una de las pocas redes espanolas con foodtech explicito en su tesis.;20000;162000;equity|participativo;si;2026-09;-;-;-;-;formulario_web;Foodtech es sector prioritario declarado y el ticket medio de 162 k encaja con toda la parte privada de la ronda de Rootflow en un solo lead.;No se ha podido verificar una web oficial operativa en la fecha de verificacion. Geografia catalana, lejos de la nave de Las Rozas.;ninguno;63;B;media;https://business-angel.es/directorio-redes-business-angels/;https://seedblink.com/blog/top-angel-clubs-and-investment-networks-in-spain;2026-09-21;nuevo
A4-058;Marc Borras;angel;ingeniero industrial y disenador, business angel con tesis agrotech;Espana;Barcelona;-;Ingeniero industrial y disenador con mentalidad de producto. Tesis declarada que incluye agrotech. Invierte en 3F y pre-seed con tickets de 5.000 a 25.000 euros.;Agrotech figura entre sus sectores de tesis declarados. Inversion destacada en Antai Ventures.;5000;25000;equity|CeP;si;2026-09;Marc Borras;Business angel;https://www.linkedin.com/in/marcborras;-;intro_calida;Perfil de ingenieria industrial y producto: puede aportar criterio real en el diseno de la nave de 350-432 m2 y en la automatizacion del cultivo.;Cartera agro documentada muy limitada. Ticket pequeno. Base en Barcelona.;ninguno;63;B;media;https://nexencapital.com/fundraising/top-150-business-angels-en-espana/;https://www.linkedin.com/in/marcborras;2026-09-21;nuevo
A4-045+A6-001;MytripleA Financiación PFP S.L.;crowdfunding;plataforma de prestamos y factoring para empresas CNMV numero 10;Espana;Golmayo (Soria);https://mytriplea.com/;Plataforma de financiación participativa autorizada CNMV nº10 que presta a pymes españolas vía inversores. El grupo ofrece además factoring y confirming a través de MytripleA Gestión S.L.;Financia pymes de economia real de todos los sectores. Su linea de factoring aplica directamente a facturas B2B de distribucion alimentaria.;50000;desconocido;deuda;si;2026-09;-;-;-;-;formulario_web;Cubre en una sola casa los tres productos que Rootflow necesita: préstamo de CAPEX desde 50 k€, factoring del 60 % de facturas y confirming, con posibilidad de aval SGR y sin consumir CIRBE.;Préstamo bancario clásico, no participativo. Mínimo 50 k€. Puede requerir aval de SGR como garantía.;ninguno;63;B;alta;https://mytriplea.com/;https://www.cnmv.es/portal/consultas/servicios-financiacion-participativa/listado-proveedores?lang=es;2026-09-21;nuevo
A4-035;SEGO Finance (Sociosinversores 2010 PSFP CNMV numero 7);crowdfunding;plataforma de crowdequity factoring y venture autorizada por la CNMV;Espana;Madrid;https://venture.segofinance.com/;Plataforma de inversion alternativa autorizada por la CNMV con lineas de inversion en startups, factoring e inmobiliario. Su vertical de venture es SEGO Venture.;Plataforma multiproducto. Su linea de factoring es directamente aplicable al circulante de Rootflow, que ya tiene modelado factoring del 60% de facturas.;desconocido;desconocido;equity|deuda;si;2026-09;-;-;-;-;formulario_web;Doble encaje: tramo de equity via SEGO Venture y factoring del 60% de facturas B2B ya contemplado en el plan de circulante.;SEGO Venture ya figura en la lista de identificados de Rootflow. Fees de plataforma y proceso de due diligence propio.;ninguno;63;B;alta;https://venture.segofinance.com/;https://www.cnmv.es/portal/consultas/servicios-financiacion-participativa/listado-proveedores?lang=es;2026-09-21;ya_identificado
A5-034;The Yield Lab Europe;vc;fondo europeo de agrifoodtech en fase temprana, pre-seed a Serie A;Irlanda;Dublin;https://theyieldlab.eu/;Fondo europeo especializado en agrifoodtech en fase temprana. Invierte entre 100.000 EUR y 3 M EUR por compania con mandato para toda Europa.;Verticales declaradas que incluyen SISTEMAS DE CULTIVO NOVEDOSOS (novel growing systems), bioenergia y biomateriales, big data y agricultura de precision, y alimentos y bebidas innovadores.;100000;3000000;equity;si;-;-;-;-;europe@theyieldlab.com;email_generico;Su ticket minimo declarado (100 k EUR) coincide exactamente con la ronda privada de Rootflow y su vertical de sistemas de cultivo novedosos describe literalmente la hidroponia de precision en interior.;No se ha verificado ninguna inversion en Espana ni operacion publica desde septiembre 2024. Solo equity, sin evidencia de participativo. Fondo con sede en Irlanda y comite propio.;ninguno;63;B;media;https://theyieldlab.eu/;https://www.eu-startups.com/investor/the-yield-lab-europe/;2026-09-21;nuevo
A2-031;GLH Singular Restaurants (Larrumba y Grupo Carbon);cadena_valor;grupo de restauracion Madrid participado por capital riesgo;Espana;Madrid;https://www.larrumba.com/;Grupo madrileno surgido de la fusion de los restaurantes de Larrumba y Grupo Carbon, que aspira a facturar 65 millones de euros. Larrumba fue fundado en 2013 y llego a 22 locales en Madrid.;Aurica Capital, el fondo de capital privado vinculado a Banco Sabadell, adquirio el 30 por ciento de Larrumba en 2018. El grupo supero en un 60 por ciento las ventas prepandemia alcanzando 52 millones de euros.;desconocido;desconocido;desconocido;desconocido;2025-09;Charlie Saiz;Cofundador;-;-;intro_calida;Grupo acostumbrado a operar con capital riesgo y a estructurar operaciones: suministro exclusivo para sus locales mas coinversion minoritaria en el productor.;Con un fondo en el accionariado, cualquier inversion fuera del core de restauracion necesita aprobacion del socio financiero.;ninguno;62;B;alta;https://www.eleconomista.es/retail-consumo/noticias/13526645/09/25/glh-el-grupo-surgido-de-la-fusion-de-larrumba-y-carbon-aspira-a-facturar-65-millones-este-ano.html;https://www.gastroeconomy.com/2018/08/el-fondo-aurica-compra-un-30-de-larrumba-y-anima-la-entrada-del-capital-riesgo-en-el-sector-de-restauracion/;2026-09-21;nuevo
A2-018;Grupo DDI Distribucion Directa Integral;cadena_valor;distribuidor foodservice top 3 de Espana;Espana;Madrid;https://www.grupoddi.es/;Empresa de referencia en venta y distribucion de alimentacion y bebidas al canal hosteleria fundada en 2006, con mas de 1.000 empleados, 28 centros, 450 vehiculos y unas 200 rutas comerciales.;Facturacion de 402,28 millones de euros con un crecimiento del 7,2 por ciento y posicion estable en el top 3 del ranking Alimarket de distribucion foodservice. Crecimiento historico por incorporacion de nuevas distribuciones y rutas.;desconocido;desconocido;desconocido;desconocido;2026-09;-;-;https://es.linkedin.com/company/distribucion-directa-integral;-;evento;Historial de crecer absorbiendo distribuciones: presentar Rootflow como adquisicion de capacidad productiva propia en una categoria premium que hoy compran fuera.;Ticket habitual de M and A muy superior al de la ronda. Proceso corporativo con comite, poco compatible con term sheet a 31/10/2026.;ninguno;62;B;alta;https://www.grupoddi.es/;https://www.grupoddi.es/novedades/ddi-se-mantiene-en-el-top-3-del-ranking-de-empresas-de-distribucion-foodservice;2026-09-21;nuevo
A2-008;Grupo Frutas Asturias S.A.;cadena_valor;mayorista Mercamadrid frutas y hortalizas selectas;Espana;Madrid;https://frutasasturias.com/;Mayorista de frutas y hortalizas selectas operando desde 1983 con tres posiciones de venta al por mayor en la nave D de Mercamadrid.;Posicionamiento explicito en producto selecto y tres puestos en Mercamadrid desde 1983.;desconocido;desconocido;desconocido;desconocido;2026-09;-;-;-;-;email_generico;Posicionamiento en selecto: microbrotes y flores comestibles KM0 completan su gama gourmet sin canibalizar su surtido actual.;Sin evidencia de actividad inversora. Datos economicos no verificados.;ninguno;62;B;media;https://frutasasturias.com/;https://www.mercamadrid.es/mercado-central-de-frutas-y-hortalizas/;2026-09-21;nuevo
A3-007;Grupo Fuertes - Infu Capital;family_office;holding de la familia Fuertes (ElPozo) con brazo inversor;España;Alhama de Murcia (Murcia);https://www.grupofuertes.com/;Holding familiar con mas de 20 companias organizadas en un nucleo agroalimentario y un bloque de inversiones diversificadas gestionado a traves de Infu Capital.;Nucleo agroalimentario con ElPozo Alimentacion, Fripozo y Cefusa. Facturacion superior a 2.300 M€. Joint venture Hepabiotic para valorizacion de subproductos porcinos.;desconocido;desconocido;equity;desconocido;2025-03;-;-;-;-;formulario_web;Rootflow aporta una categoria premium de crecimiento (microbrotes y flores comestibles) sin construir capacidad propia, con posibilidad de marca blanca para su red de distribucion.;Decisiones lentas de holding industrial. Historicamente entra con mayorias o control en industriales, no en tickets de 100 k€. Murcia.;ninguno;62;B;alta;https://www.grupofuertes.com/;https://startupxplore.com/es/inversores/infu-capital;2026-09-21;nuevo
A6-023;Inversa Invoice Market;deuda_alternativa;mercado de compraventa de facturas;España;Madrid;https://inversa.es;Mercado que conecta empresas que necesitan liquidez con inversores que compran sus facturas. Las facturas se califican con un rating que determina coste y rentabilidad y se publican para su venta.;Marketplace generalista de facturas de pymes españolas.;desconocido;desconocido;deuda;si;2026-09;-;-;-;-;formulario_web;Permite anticipar factura a factura sin línea comprometida, que es lo que necesita Rootflow mientras el volumen crece de 160 kg a 2.937 kg al mes.;Volumen y disponibilidad dependen del apetito de los inversores en cada subasta. Coste variable.;ninguno;62;B;alta;https://inversa.es/;https://inversa.es/;2026-09-21;nuevo
A1-006;Solherbs;industrial_agro;productor de hierbas aromaticas frescas;Espana;Murcia;https://solherbs.es/;Empresa familiar murciana especializada en la produccion y venta al por mayor de hierbas aromaticas y hortalizas frescas.;Proveedor de hierbas aromaticas y hortalizas frescas en la Region de Murcia, con venta mayorista.;desconocido;desconocido;desconocido;desconocido;desconocido;-;-;-;-;email_generico;La categoria adyacente mas cercana: vende al mismo comprador y el microbrote completa su catalogo sin canibalizarlo. Empresa de tamano medio, mucho mas probable que decida un ticket de 50-100k que un gran grupo.;No hay evidencia publica de actividad inversora. Tamano y capacidad financiera por confirmar.;ninguno;62;B;media;https://solherbs.es/;https://www.europages.es/empresas/espa%C3%B1a/proveedor-hierbas-aromaticas-frescas.html;2026-09-21;nuevo
A6-037;Triodos Bank España;banca;banca sostenible con sector agroalimentario propio;España;Madrid;https://www.triodos.es;Banco de referencia en financiación sostenible en España, con líneas sectoriales propias para agricultura y ganadería ecológicas y para alimentación ecológica. Ofrece préstamo hipotecario, préstamo de inversión, financiación de circulante y líneas de crédito y descuento.;Sector declarado de agricultura ecológica y de alimentación ecológica, financiando desde productores hasta distribuidores. Ha comprometido al menos 500 M€ a soluciones basadas en la naturaleza.;desconocido;desconocido;deuda;si;2026-09;-;-;-;-;formulario_web;Analiza el impacto social y ambiental además de la viabilidad económica: la hidroponía de precisión con consumo de agua muy inferior al cultivo en suelo y el KM 0 real en Madrid son argumentos que puntúan en su comité.;Riesgo alto de encaje sectorial: la hidroponía no es certificable como producción ecológica en la UE, y el sector prioritario declarado de Triodos es la agricultura ecológica certificada. Hay que plantearlo como impacto hídrico y de proximidad, no como ecológico.;ninguno;61;B;alta;https://www.triodos.es/es/nuestros-sectores/agricultura-y-ganaderia-ecologicas;https://www.triodos.es/es/criterios-financiacion;2026-09-21;nuevo
A4-062;Albert Gutierrez;angel;ejecutivo e inversor con tesis que incluye foodtech;Espana;Barcelona;-;Ejecutivo e inversor orientado a crecimiento organico, negociacion y desarrollo de negocio, con enfasis en unit economics y escalabilidad. Tickets de 5.000 a 25.000 euros en pre-seed.;Foodtech figura entre sus sectores de tesis declarados. Cartera en PLD Space, Boopos, Payflow, Criptan, Sesame, Sunsave y Vero Intelligence.;5000;25000;equity|CeP;si;2026-09;Albert Gutierrez;Business angel;https://www.linkedin.com/in/alberto-gutierrez-3a74061;-;intro_calida;Enfasis declarado en unit economics: Rootflow tiene precio medio directo de 39,32 euros por kilo y margen bruto del 74-77%, datos que resisten su analisis.;Sin operaciones agro documentadas pese a declarar foodtech. Ticket pequeno. Base en Barcelona.;ninguno;60;B;media;https://nexencapital.com/fundraising/top-150-business-angels-en-espana/;https://www.linkedin.com/in/alberto-gutierrez-3a74061;2026-09-21;nuevo
A5-031+A5-032+A5-033+A5-039;EIT Food Accelerator Network (EIT FAN);aceleradora;programa europeo de aceleracion agroalimentaria con grant equity-free y premios via SAFE;Belgica;La Valeta;https://www.eitfood.eu/news/peakbridge-and-eit-food-launch-foodsparks-a-new-agrifood-tech-seed-fund;Gestora foodtech con estructura de doble fondo: el seed respalda foodtech de fase temprana en Europa e Israel y Growth II cubre Serie A y B. FoodSparks es un fondo seed de 30 M EUR lanzado con EIT Food.;Grant equity-free de 3.000 EUR por startup mas hasta 50.000 EUR competitivos via SAFE para validacion tecnologica (premios de 50.000, 30.000 y 20.000 EUR). Hub de Catania centrado en sistemas agroalimentarios inteligentes en agua.;3000;50000;equity|desconocido;si;2026-04;-;-;-;-;formulario_web;Hasta 30 k EUR no dilutivos que suman fondos propios y no tocan el control, exactamente el tipo de dinero compatible con las lineas rojas de los fundadores.;Convocatoria 2026 CERRADA el 14 de abril, programa de septiembre a noviembre de 2026, fuera del calendario del term sheet. El grant base (3.000 EUR) es simbolico y el resto es competitivo. Requiere TRL 4-8 y perfil tecnologico.;ninguno;60;B;alta;https://www.eitfood.eu/entrepreneurship/accelerate-food-accelerator-network;https://www.eitfood.eu/blog/a-new-cohort-of-impactful-startups-join-eit-food-entrepreneurship-programmes-and-the-eit-food-north-west-community;2026-09-21;nuevo
A2-048;Frutalis;cadena_valor;mayorista de frutas y verduras Madrid;Espana;Madrid;https://frutalis.es/;Mayorista de frutas y verduras con almacen en Vallecas Madrid, con catalogo nacional e internacional, cadena de frio propia y gestor especializado asignado por cliente.;Suministra a cadenas de supermercados, tiendas de alimentacion, fruterias, restaurantes, catering y colectividades. Almacen en C/ Luis I 47 Nave B Vallecas Madrid.;desconocido;desconocido;desconocido;desconocido;2026-09;-;-;-;info@frutalis.es;email_generico;Mayorista 100 por cien Madrid con cadena de frio y cartera horeca: candidato natural a distribuir microbrotes KM0 en marca blanca y a entrar como cliente-inversor.;Empresa pequena y de informacion economica escasa. Capacidad de ticket probablemente inferior a 20 k EUR.;ninguno;60;B;alta;https://frutalis.es/mayoristas-de-frutas-y-verduras-madrid;https://frutalis.es/;2026-09-21;nuevo
A3-004;Herrecha Inversiones;family_office;sociedad patrimonial de Hortensia Herrero;España;Valencia;-;Sociedad patrimonial de Hortensia Herrero que toma participaciones minoritarias en companias industriales espaniolas y coinvierte en startups del entorno de Lanzadera y Angels.;Coinversion de 400.000 € en FoodVAC (cocina al vacio de alta gama) junto a Angels Capital. Entradas minoritarias en Istobal (22%) y Grupo Malasa (30%).;desconocido;desconocido;equity;si;2025-06;-;-;-;-;intro_calida;Entra en minoritario sin control, exactamente la estructura que piden los fundadores de Rootflow, y ya ha respaldado un proyecto de alimentacion premium.;No tiene web ni canal de entrada publico: requiere intro calida. Opera sobre todo en Valencia. Tickets historicos muy superiores a 100 k€ en industriales.;ninguno;60;B;media;https://capital-riesgo.es/es/articles/herrecha-inversiones-sociedad-patrimonial-de-hortensia-herrero-entra-en-el-accionariado-de-grupo-malasa/;https://elreferente.es/inversiones/angels-capital-invierte-400-000e-en-foodvac/;2026-09-21;nuevo
A4-007;SeedRocket - Club de Inversion;red_angels;aceleradora con club de inversion y campus para business angels;Espana;Madrid;https://www.seedrocket.com/;Primera aceleradora espanola para startups en fase inicial, con club de inversion propio, red de mentores-inversores y el vehiculo 4Founders Capital. Organiza el Campus para Business Angels en Madrid.;Wetaca, startup foodtech, gano el Campus de Emprendedores de SeedRocket, lo que acredita dealflow y apetito del club por proyectos de alimentacion.;desconocido;desconocido;equity;si;2026-09;-;-;-;-;evento;El Campus para Business Angels de Madrid concentra a decenas de angels formados que buscan ticket pequeno y proyecto comprensible: Rootflow se explica en dos minutos y se visita en veinte.;Perfil historico muy TIC y digital. El acceso al club suele pasar por el programa de aceleracion.;ninguno;60;B;alta;https://www.seedrocket.com/2025/05/07/business-angels-espana-ecosistema-inversion-startups/;https://www.seedrocket.com/eventos/campus-para-business-angels-by-seedrocket-14-edicion/;2026-09-21;nuevo
A4-048+A6-004;EvenFi Fintech PSFP;crowdfunding;infraestructura y plataforma de financiacion participativa CNMV numero 5;Espana;Barcelona;https://www.evenfi.com;Plataforma e infraestructura de crowdfunding regulada en Europa, autorizada por la CNMV en febrero de 2023, que permite lanzar campanas de financiacion participativa conformes con la normativa europea.;Más de 36 M€ financiados en más de 500 campañas. Sectores declarados: inmuebles, renovables, tecnología y expansión empresarial.;desconocido;desconocido;equity|deuda;si;2023-02;-;-;-;-;formulario_web;Financiación de expansión con activos tangibles: el CAPEX de la nave (racks, cámara frigorífica, furgoneta) encaja con su criterio de garantía sobre activo real.;Enfoque de infraestructura tecnologica mas que de originacion de inversores. Requiere que Rootflow aporte su propia base de inversores.;ninguno;59;B;alta;https://www.cnmv.es/portal/consultas/servicios-financiacion-participativa/listado-proveedores?lang=es;https://evenfi.com/;2026-09-21;nuevo
A3-010;Grupo Zriser;family_office;family office de Ana y Pablo Serratosa Lujan con linea de Venture Investment;España;Valencia;https://zriser.es/;Family office con 380 M€ bajo gestion y cinco lineas: core real estate, value add real estate, inversion industrial, venture investment y mercado financiero.;Cartera de venture con Consentio (marketplace B2B hortofruticola), Cocunat, Flamingueo y Solver. Adquisiciones industriales como Alcion Plasticos.;desconocido;desconocido;equity;si;2026-09;-;-;-;-;formulario_web;Su participada Consentio opera en el comercio hortofruticola B2B: Rootflow le da exposicion al mismo mercado desde la produccion premium de interior.;Linea de venture minoritaria dentro del grupo. Foco principal en inmobiliario e industrial. Valencia.;ninguno;59;B;alta;https://zriser.es/en/home_e/;https://economia3.com/2026/09/01/760198-zriser-en-2026-asi-ha-evolucionado-su-estrategia-inversora-desde-2019/;2026-09-21;nuevo
A4-063;Jose Carlos Cortizo;angel;especialista en growth y producto con tesis foodtech;Espana;Comunitat Valenciana;-;Especialista en growth, optimizacion de conversion y diseno de producto. Tesis en pettech, sportech, blockchain y foodtech. Tickets de 5.000 a 25.000 euros en pre-seed.;Inversion destacada en Frankie The King, marca de consumo alimentario. Tambien en Tuvalum, Clotsy Brand, CommonSense y Gloop.;5000;25000;equity|CeP;si;2026-09;Jose Carlos Cortizo;Business angel;https://www.linkedin.com/in/jccortizo;-;intro_calida;Perfil de growth para marcas de consumo: util para escalar la venta directa a chef y la marca blanca para distribuidores y fruterias.;Perfil digital y de marca, sin experiencia en produccion agricola. Ticket pequeno. Fuera de Madrid.;ninguno;59;B;media;https://nexencapital.com/fundraising/top-150-business-angels-en-espana/;https://www.linkedin.com/in/jccortizo;2026-09-21;nuevo
A1-003;Agroponiente;industrial_agro;grupo hortofruticola con private equity en el accionariado;Espana;El Ejido (Almeria);https://www.agroponiente.com/;Grupo hortofruticola almeriense controlado por el fondo Abac Capital, que compro una participacion mayoritaria.;Cerro la campana 2025-2026 con 515 M EUR de facturacion en el perimetro actual del grupo frente a 386 M EUR del ejercicio anterior.;desconocido;desconocido;equity;desconocido;2026-09;-;-;-;-;evento;Tiene private equity detras, apetito de M&A y logica de construccion de grupo: una adquisicion pequena de capacidad en Madrid encaja en su tesis de buy and build.;Con un fondo en el accionariado el ticket objetivo es muy superior a 100k EUR. Proceso de inversion formal y largo.;ninguno;58;B;alta;https://www.freshplaza.es/spain/article/9060654/espana-abac-capital-compra-una-participacion-mayoritaria-en-agroponiente/;https://www.agroponiente.com/;2026-09-21;nuevo
A2-020;Bidfood Iberia;cadena_valor;distribuidor horeca del grupo Bidcorp;Espana;Madrid;https://bidfoodiberia.com/;Filial iberica del grupo Bidcorp dedicada a la distribucion para hosteleria, con cifra de negocio de 61,4 millones de euros en el ejercicio cerrado en junio de 2025 frente a 53,2 el anterior.;Crecimiento apoyado explicitamente en una combinacion de control de costes, adquisiciones y alianzas, con linea propia de IV gama en catalogo.;desconocido;desconocido;desconocido;desconocido;2026-09;-;-;-;-;evento;Ya crece via adquisiciones y alianzas y tiene linea de IV gama: Rootflow encaja como alianza estrategica con produccion propia KM0 en Madrid.;Filial de multinacional sudafricana: aprobacion de capital fuera de Espana y plazos largos.;ninguno;58;B;alta;https://bidfoodiberia.com/iv-gama/;https://sivarious.com/proveedores/bidfood-acelera-su-expansion-en-espana-con-un-negocio-de-614-m-20260915-0400/;2026-09-21;nuevo
A4-006;Catalytic Ventures (Open Value Foundation);impacto;vehiculo de inversion de impacto vinculado a fundacion;Espana;Madrid;https://openvaluefoundation.org/;Iniciativa de inversion de impacto de Open Value Foundation que apoya startups que combinan rentabilidad economica con generacion de valor social, medioambiental o tecnologico.;Tesis de impacto social y medioambiental. Rootflow encaja por eficiencia hidrica de la hidroponia, KM0 y reduccion de huella logistica, no por cartera agro previa documentada.;desconocido;desconocido;equity|participativo|deuda;si;2026-09;-;-;-;-;formulario_web;Hidroponia de precision en interior: ahorro de agua frente a cultivo en campo, KM0 real en Madrid y empleo local, con retorno financiero via participativo.;No se ha verificado ticket ni instrumento concretos. La marca Catalytic Ventures no tiene web propia operativa verificada.;ninguno;58;B;media;https://business-angel.es/directorio-redes-business-angels/;https://openvaluefoundation.org/;2026-09-21;nuevo
A2-013;Chef Market;cadena_valor;distribuidor gourmet B2B con base en Madrid;Espana;Madrid;https://chef-market.es/;Distribuidora de alimentacion y productos gourmet espanoles que entrega producto fresco o congelado desde Madrid a clientes en distintos paises.;Plataforma B2B de producto gourmet espanol con base logistica en Madrid y vocacion exportadora.;desconocido;desconocido;desconocido;desconocido;2026-09;-;-;-;-;formulario_web;Microbrotes KM0 Madrid como referencia diferencial para su catalogo gourmet y para exportacion en formato de bandeja viva.;Perfil mas comercializador que inversor. Capacidad de ticket sin verificar.;ninguno;58;B;media;https://chef-market.es/;https://www.europages.es/empresas/distribuidor/productos%20gourmet%20espa%C3%B1oles.html;2026-09-21;nuevo
A4-064;Gerard Olive;angel;cofundador y co-CEO de Antai Venture Builder;Espana;Barcelona;-;Cofundador y co-CEO de Antai Venture Builder y fundador de BeRepublic. Mas de una docena de negocios digitales impulsados. Tesis que incluye foodtech. Tickets de 5.000 a 25.000 euros.;Inversiones destacadas en Glovo y Deliberry, ambas de distribucion de alimentacion. Tambien Nemuru, Gocleer, Vitaance, Elma, Shopery, SingularCover, Prontopiso, MyInvestor y CornerJob.;5000;25000;equity|CeP;si;2026-09;Gerard Olive;Cofundador y co-CEO de Antai Venture Builder;https://www.linkedin.com/in/gerardolive;-;intro_calida;Experiencia en marketplaces de alimentacion y acceso a talento: util si Rootflow abre canal digital directo a restaurantes.;Perfil de venture building digital con poca afinidad a produccion agricola fisica. Base en Barcelona. Dealflow muy competido.;ninguno;58;B;media;https://nexencapital.com/fundraising/top-150-business-angels-en-espana/;https://www.linkedin.com/in/gerardolive;2026-09-21;nuevo
A6-033;ICO (Instituto de Crédito Oficial);banca;banco público de promoción;España;Madrid;https://www.ico.es;Banco público que canaliza a través de la banca comercial las líneas ICO Empresas y Emprendedores, ICO MRR Verde e ICO MRR Empresas y Emprendedores, además de gestionar líneas de avales del Estado para autónomos, pymes y empresas.;Líneas abiertas a todos los sectores productivos, ampliamente utilizadas por el sector agroalimentario.;desconocido;desconocido;deuda;si;2026-09;-;-;-;-;intro_calida;Complemento natural de la póliza de 50 k€ y del CAPEX: se pide en el banco con el aval de Avalmadrid y abarata el coste sin tocar la estructura societaria.;No se contrata directamente con el ICO sino con la entidad bancaria, que asume el riesgo y es quien decide. No aporta fondos propios.;ninguno;58;B;alta;https://www.axispart.com/;https://www.ico.es/;2026-09-21;nuevo
A2-043;Novagric (Novedades Agricolas S.A.);cadena_valor;ingenieria de invernaderos riego y agricultura vertical;Espana;Almeria;https://novagric.com/;Empresa fundada en 1978, la de mayor proyeccion internacional del sector en Espana, operando en 25 paises con mas de 30.000 m2 de instalaciones de fabricacion de invernaderos, riego, climatizacion y sustratos.;Desarrolla con TECNALIA el proyecto Vertical Sunning de agricultura vertical sin luz artificial, financiado por CDTI y el Ministerio de Ciencia e Innovacion. Sus modulos de cultivo vertical fueron finalistas de los Fruit Attraction Innovation Hub Awards.;desconocido;desconocido;desconocido;desconocido;2026-09;-;-;-;-;evento;Ya invierte en I+D de agricultura vertical con fondos CDTI: Rootflow es un piloto comercial real en Madrid para validar y vender sus modulos de cultivo vertical.;Ingenieria industrial, no inversora financiera. Lo realista es aportacion en especie o financiacion de equipo mas que capital.;ninguno;58;B;alta;https://novagric.com/vertical-sunning-agricultura-vertical-sin-luz-artificial/;https://www.tecnologiahorticola.com/novagric-fruit-attraction/;2026-09-21;nuevo
A4-030;Startupxplore PSFP;crowdfunding;plataforma de crowdequity y bonos autorizada por la CNMV numero 18;Espana;Valencia;https://startupxplore.com/;Plataforma supervisada por la CNMV que da acceso desde 500 euros a startups de alto crecimiento y bonos corporativos seleccionados. Mas de 23 M de euros invertidos y mas de 90 operaciones.;Mas de 40.000 inversores registrados. En la verificacion de septiembre de 2026 no tenia rondas de equity abiertas, solo un bono corporativo.;500;desconocido;equity|deuda;si;2026-09;-;-;-;ops@startupxplore.com;formulario_web;Entrada desde 500 euros: permite convertir a clientes chefs y a la comunidad HORECA de Rootflow en pequenos inversores y embajadores comerciales.;Sin rondas de equity abiertas en la fecha de verificacion. La captacion por crowd genera un cap table amplio que hay que estructurar bien para no romper la linea roja de control.;ninguno;58;B;alta;https://startupxplore.com/es;https://www.cnmv.es/portal/consultas/servicios-financiacion-participativa/listado-proveedores?lang=es;2026-09-21;nuevo
A4-008;AEBAN - Asociacion Espanola de Business Angels Networks;red_angels;asociacion nacional que agrupa mas de 50 redes de angels;Espana;Madrid;https://www.aeban.es/;Asociacion que agrupa a mas de 50 redes de business angels espanolas que representan a mas de 2.000 inversores privados. No invierte directamente: es el mapa de acceso a todas las redes del pais.;Su Informe AEBAN 2026, elaborado con la red de business angels del IESE, situa alimentacion y agricultura como el segundo sector de mayor interes de los angels espanoles con el 23%, solo por detras de salud.;20000;95525;equity|participativo|CeP;si;2026-06;-;-;-;-;email_generico;Usar el informe AEBAN como argumento: la mediana de inversion de un angel espanol es 20.000 euros y el 23% mira alimentacion y agricultura, justo el Plan C de Rootflow de 2 CeP de 20-25 k.;Es una asociacion de redes, no un inversor. No aporta capital directo. Su web tiene la cadena de certificado TLS incompleta y falla en fetch automatizado.;ninguno;57;B;alta;https://www.aeban.es/noticias/informe-aeban-2025-nota-prensa/;https://finanzasygestion.com/equity-gap-informe-aeban-2026/;2026-09-21;nuevo
A6-027;Afín SGR;publico_coinversor;sociedad de garantía recíproca;España;Valencia;https://afinsgr.es;SGR con catálogo amplio de productos avalados: préstamo ICO-Afín, préstamo inmueble al 100 %, préstamo autónomo exprés de concesión online inmediata, avales técnicos y líneas del Instituto Valenciano de Finanzas.;Avala a autónomos, microempresas y pymes de todos los sectores.;desconocido;desconocido;deuda;si;2026-09;-;-;-;afinsgr@afinsgr.es;formulario_web;Su producto de préstamo con aval sobre inmueble al 100 % del valor es interesante si la nave del sur de Madrid se compra en vez de alquilarse.;Base territorial en Comunidad Valenciana y muchas líneas vinculadas al IVF, que no aplican a una empresa madrileña. Confirmar elegibilidad de Rootflow.;ninguno;57;B;alta;https://cesgar.es/sgr/;https://afinsgr.es/;2026-09-21;nuevo
A3-018;Beka Asset Management - theFoodTechLab Climate Fund I;vc;fondo agrifoodtech de Beka con inversores family office;España;Madrid;https://www.bekafinance.com/;Fondo de capital riesgo de Beka AM asesorado por theFoodTechLab, autorizado por CNMV, con objetivo de inversion de entre 30 y 50 M€ en agrifoodtech, proteinas alternativas y economia circular.;Foco exclusivo en agrifoodtech: agricultura, salud y nutricion, proteinas alternativas y economia circular. Captacion apoyada en family offices e inversores privados espanioles.;desconocido;desconocido;equity;si;2025-06;-;-;-;-;formulario_web;Es uno de los pocos vehiculos madrilenios con mandato agrifood explicito y base inversora de family offices a los que Rootflow puede llegar por arrastre.;Fondo institucional con tickets previsiblemente muy superiores a 100 k€ y comite formal. Sesgo a tecnologia mas que a produccion agricola.;ninguno;57;B;media;https://www.bekafinance.com/noticia/beka-am-thefoodtechlab-lanzan-fondo-que-invierte-en-agrifoodtech;https://www.bekafinance.com/noticia/foodtechlab-climate-fund-innovacion-sostenible-agrifoodtech;2026-09-21;nuevo
A3-063+A4-028;Foro Capital Pymes;red_angels;foro de inversion que conecta pymes con inversores privados y family offices;España;Barcelona y Madrid;https://forocapitalpymes.com/;Foro de inversion recogido en el directorio de Capital-Riesgo que pone en contacto pymes en crecimiento con inversores privados, business angels y family offices.;Sin foco sectorial agro declarado, pero su formato de foro da acceso directo a family offices.;desconocido;desconocido;equity|participativo|deuda;si;2026-06;-;-;-;-;evento;Rootflow es una pyme productiva con clientes activos y pipeline del 77,5% del Ano 1, no una startup pre-producto: encaja mejor aqui que en foros de venture puro.;Ya figura entre los identificados de Alhambra Venture. Requiere seleccion previa y a veces cuota de participacion.;ninguno;57;B;alta;https://capital-riesgo.es/es/directory/foro+capital+pymes+/;https://capital-riesgo.es/es/directory?category=family-office-general;2026-09-21;ya_identificado
A6-044;Kaudal;deuda_alternativa;tax lease de I+D+i;España;Madrid;https://kaudal.com;Especialista en tax lease de I+D+i: financia en torno al 35 % del proyecto de I+D de la empresa con dinero de inversores que a cambio obtienen en torno a un 30 % de rentabilidad vía deducciones fiscales.;Opera con empresas de I+D de cualquier sector y también con proyectos de cultura y espectáculos.;desconocido;desconocido;deuda|CeP;si;2026-09;-;-;-;-;formulario_web;El roadmap IoT de automatización del cultivo con Raspberry Pi, MQTT y Node-RED y el ERP propio son proyecto de I+D monetizable: dinero no dilutivo adicional a la ronda, sin tocar el cap table.;Requiere un proyecto de I+D formalmente calificado con informe motivado, lo que añade plazo y coste de consultoría. Solo financia la parte de I+D, no el CAPEX de la nave. Ya identificado por el equipo.;ninguno;57;B;alta;https://kaudal.com/;https://kaudal.com/;2026-09-21;ya_identificado
A1-007+A1-008;Proexport (Asociacion de Productores-Exportadores de Frutas y Hortalizas de Murcia);industrial_agro;asociacion sectorial - via de acceso;Espana;San Javier (Murcia);https://www.proexport.es/portfolio/agromontes-fresh-group/;Empresa familiar con mas de 30 anos que controla el producto desde la plantacion hasta la venta, con flota propia de camiones frigorificos.;Sus asociados incluyen Agromontes Fresh Group, Agromediterranea Hortofruticola, Difrusa, Fruca Marketing, Grupo Hortofruticola Paloma y Murciana de Vegetales. Acude a Fruit Attraction 2026.;desconocido;desconocido;desconocido;desconocido;2025-12;-;-;-;-;evento;No es un inversor: es la puerta de entrada a 60 grupos de golpe. Su stand en Fruit Attraction es el punto de mayor densidad de contactos industriales del calendario.;Es una asociacion, no invierte. Usar solo como canal de acceso a sus socios.;ninguno;57;B;alta;https://empresite.eleconomista.es/AGROMONTES-FRESH-GROUP.html;https://www.proexport.es/portfolio/agromontes-fresh-group/;2026-09-21;nuevo
A3-006;Alazady España;family_office;single family office de Jose Maria Castellano (ex CEO de Inditex);España;A Coruña;-;Family office del empresario Jose Maria Castellano que coinvierte en rondas de startups espaniolas junto a corporates y fondos de impacto.;Participo en la ronda de 4,2 M€ de Ekonoke, cultivo hidroponico de lupulo en interior, junto a Cosecha de Galicia (Hijos de Rivera) y Leanox Impact Ventures. Tambien invirtio en Coinscrap Finance.;desconocido;desconocido;equity;si;2022-10;-;-;-;-;intro_calida;Ya ha financiado agricultura de entorno controlado en España: Rootflow ofrece la misma tesis con ingresos ya facturados y payback de 33 meses.;Ultima operacion documentada en 2022. Sin web ni canal de entrada publico. Requiere intro calida. Galicia.;ninguno;56;B;media;https://sifted.eu/articles/spain-farming-startup-climate-hops;https://elreferente.es/inversiones/ekonoke-cierra-ronda-inversion-42m-garantizar-produccion-sostenible-cerveza/;2026-09-21;nuevo
A1-001;Anecoop S. Coop.;industrial_agro;cooperativa hortofruticola de segundo grado;Espana;Valencia;https://www.anecoop.com/;Mayor cooperativa hortofruticola de segundo grado de Espana. 61 entidades asociadas y 20.000 agricultores en 13 provincias. Marca Bouquet.;Cifra de negocio 986,7 M EUR en 2024-2025 y 1.166 M EUR el Grupo Anecoop. 735.216 t comercializadas. Premio Cooperativa del Ano 2026 por su innovacion.;desconocido;desconocido;desconocido;desconocido;2026-05;-;-;-;-;evento;Categoria premium de alta rotacion y margen para la marca Bouquet sin construir capacidad propia de interior.;Gobernanza cooperativa: decisiones lentas y por consejo rector. Sin vehiculo inversor conocido. Valencia, no Madrid.;ninguno;56;B;alta;https://www.agro-alimentarias.coop/posts/anecoop-aumenta-su-cifra-de-negocio-un-27-frente-a-un-descenso-en-el-volumen-comercializado;https://revistamercados.com/anecoop-premiada-como-la-cooperativa-del-ano/;2026-09-21;nuevo
A2-014;Astonres;cadena_valor;distribucion gourmet horeca;Espana;Madrid;http://www.astonres.com/;Distribuidora especializada en producto gourmet para hosteleria y comercio, operando en la Comunidad de Madrid desde hace mas de 20 anos.;Mas de dos decadas de distribucion gourmet centrada en la Comunidad de Madrid.;desconocido;desconocido;desconocido;desconocido;2026-09;-;-;-;-;email_generico;Foco 100 por cien Madrid: encaje logistico perfecto con reparto propio de Rootflow en 24-48 h desde cosecha.;Empresa pequena, poca informacion economica publica. Ticket probablemente inferior a 20 k EUR.;ninguno;56;B;media;http://www.astonres.com/;https://www.proveedores.com/delicatessen/madrid;2026-09-21;nuevo
A2-019;Grupo Serhos Food Service;cadena_valor;plataforma de distribucion horeca;Espana;Barcelona;https://gruposerhos.com/;Grupo nacido en 2001 como plataforma de compras y ventas, hoy referente de la distribucion en Espana con facturacion cercana a 140 millones de euros y quince puntos logisticos.;Quince puntos logisticos en distribucion tradicional de alimentacion seca y refrigerada en canal horeca, sirviendo a grandes empresas de restauracion y cadenas hoteleras.;desconocido;desconocido;desconocido;desconocido;2026-09;-;-;-;-;email_generico;Su red de quince plataformas permite escalar el producto fuera de Madrid una vez cerrado el salto de nave: acuerdo de suministro nacional mas participacion minoritaria.;Modelo de plataforma de compras, no de inversor. Foco en seco y refrigerado, no en fresco vivo.;ninguno;56;B;alta;https://gruposerhos.com/;https://empresas.restauracioncolectiva.com/d/grupo-serhos-food-service/;2026-09-21;nuevo
A3-017;JME Ventures;vc;gestora nacida del family office y la fundacion de Jose Manuel Entrecanales;España;Madrid;https://jme.vc/;Gestora de seed con mas de 120 M€ bajo gestion y cuatro fondos desde 2012, que invierte entre 100 k€ y 3 M€ en startups espaniolas en fase semilla.;Cartera de mas de 70 startups. Sin foco agroalimentario declarado, aunque aparece en listados de inversores de Food and Beverage en España.;100000;3000000;equity;si;2026-06;-;-;-;-;formulario_web;Su ticket minimo de 100 k€ coincide exactamente con la necesidad de capital privado de la ronda y su proceso se declara rapido y transparente.;Tesis tecnologica y de escalabilidad global, no agro ni activos fisicos. Estructura de fondo con comite, no decide en semanas.;ninguno;56;B;alta;https://jme.vc/;https://shizune.co/investors/food-and-beverage-investors-spain;2026-09-21;nuevo
A4-033+A5-026;La Bolsa Social (plataforma de financiacion participativa);crowdfunding;plataforma de crowdequity de impacto autorizada por la CNMV;Espana;Madrid;https://www.bolsasocial.com/;Plataforma de inversion de impacto autorizada por la CNMV. Comunidad de 12.820 miembros, 15,4 M de euros invertidos, 60 rondas financiadas y 53 empresas de impacto en cartera.;Cartera de empresas con impacto social y medioambiental. Ha integrado su actividad con Goparity para la continuidad de la inversion de impacto en Iberia.;desconocido;desconocido;equity|deuda;si;2026-09;-;-;-;-;formulario_web;Una campana de impacto con el argumento de agua, KM 0 y sustitucion de importacion puede levantar 100 k EUR de muchos tickets pequenos sin un unico lead.;Crowdequity implica dilucion y una base amplia de socios minoritarios, en tension con la linea roja de dilucion minima. Una campana tarda tipicamente 2-3 meses entre due diligence y cierre, justo en el limite del term sheet. Solapa con el segmento del Agente 4.;ninguno;56;B;media;https://www.bolsasocial.com/;https://www.cnmv.es/portal/consultas/servicios-financiacion-participativa/listado-proveedores?lang=es;2026-09-21;nuevo
A2-044;Rufepa Tecnoagro S.L.;cadena_valor;fabricante de invernaderos y proyectos vertical farming llave en mano;Espana;Pilar de la Horadada Alicante;https://www.rufepa.com/;Fabricante de invernaderos con mas de 25 anos de experiencia en proyectos llave en mano, con linea especifica de vertical farming y diseno a medida segun clima, cultivo y presupuesto del inversor.;Colabora con la estadounidense Greensense Farms en el desarrollo e implantacion de proyectos de vertical farming combinados con invernadero.;desconocido;desconocido;desconocido;desconocido;2026-09;-;-;-;-;evento;Su discurso comercial menciona explicitamente el presupuesto del inversor: puede financiar o coinvertir el equipamiento de la nave de 350-432 m2 a cambio de referencia y showroom en Madrid.;Sede en Alicante. Modelo de contratista, no de inversor. Riesgo de que solo ofrezca financiacion de proveedor.;ninguno;56;B;alta;https://www.rufepa.com/invernadero/productos/5/vertical-farming.html;https://www.rufepa.com/about.php;2026-09-21;nuevo
A4-016;Sitka Capital;red_angels;club privado con mas de 100 business angels;Espana;Barcelona;https://sitkacapital.com/;Club de inversion que da acceso a mas de 100 business angels para startups que buscan financiacion en fases tempranas.;Club generalista. No consta tesis agro o food especifica documentada.;desconocido;desconocido;equity|participativo;si;2026-09;-;-;-;-;formulario_web;Mas de 100 angels en un solo interlocutor: eficiente para sindicar varios tickets de 20-25 k en cuentas en participacion.;Informacion publica limitada sobre tickets, fees y operaciones cerradas. Sin tesis sectorial agro.;ninguno;56;B;media;https://sitkacapital.com/;https://seedblink.com/blog/top-angel-clubs-and-investment-networks-in-spain;2026-09-21;nuevo
A6-043;Zubi Capital;venture_debt;venture debt de impacto;España;Madrid;https://zubicapital.com;Gestora de impacto que lanzó el primer fondo español de venture debt de impacto. Presta en formato préstamo con una pequeña compensación en equity, con tickets declarados desde 250.000 € hasta 2,5 M€.;Tesis de impacto que cubre sostenibilidad, alimentación y transición ecológica.;250000;2500000;deuda|participativo|equity;si;2026-09;-;-;-;-;formulario_web;Préstamo más kicker pequeño es literalmente el instrumento que Rootflow ofrece, con un kicker del 2,5 %, y el ángulo de impacto hídrico y KM 0 encaja con su tesis.;Ticket mínimo de 250 k€, 2,5 veces el tramo privado buscado. Su venture debt reciente apunta a Serie A paneuropea, fase por delante de Rootflow. Ya identificado por el equipo.;ninguno;56;B;media;https://zubicapital.com/investment-strategies-venture-debt/;https://elreferente.es/venture-capital/zubi-capital-lanza-primer-fondo-impacto-venture-debt/;2026-09-21;ya_identificado
A4-017;Araban - Red Aragonesa de Inversores;red_angels;red regional de business angels de Aragon;Espana;Zaragoza;https://araban.es/;Mayor red aragonesa de inversores privados. Conecta business angels con startups y proyectos empresariales con potencial de escalabilidad en fases tempranas.;Region con fuerte peso agroalimentario. No consta cartera agro especifica documentada en la fuente verificada.;desconocido;desconocido;equity|participativo;si;2026-09;-;-;-;-;formulario_web;Inversores con cultura industrial y agroalimentaria aragonesa que entienden CAPEX de nave, camara frigorifica y logistica de fresco.;Fuera de Madrid. Sin evidencia publica de operaciones agro recientes.;ninguno;55;B;media;https://araban.es/;https://business-angel.es/directorio-redes-business-angels/;2026-09-21;nuevo
A4-018;FIDBAN - Fundacion Innovacion y Desarrollo Business Angels Network;red_angels;red de business angels del norte de Espana;Espana;Santander;https://www.fidban.com/;Red de business angels con presencia en Cantabria y otras comunidades del norte de Espana. Conecta inversores privados con proyectos emprendedores y facilita la coinversion entre sus miembros.;Red generalista del norte. No consta cartera agro especifica documentada.;desconocido;desconocido;equity|participativo;si;2026-09;-;-;-;-;formulario_web;Coinversion entre miembros para cubrir la parte privada de 100 k con varios tickets pequenos y downside protegido via prestamo participativo.;Geografia norte, lejos de Madrid. Sin tesis agro documentada.;ninguno;55;B;media;https://www.fidban.com/;https://business-angel.es/directorio-redes-business-angels/;2026-09-21;nuevo
A4-012;IE Business School - Area 31 y Venture Network;red_angels;ecosistema emprendedor e inversor de escuela de negocios en Madrid;Espana;Madrid;https://www.ie.edu/entrepreneurship/;Centro de emprendimiento e innovacion de IE University en Madrid con la incubadora Area 31, los Venture Days como foro de inversion y sesiones semanales de pitch ante inversores.;Ecosistema generalista. Ha acelerado mas de 3.500 proyectos. No consta vertical agrifood especifica documentada.;desconocido;desconocido;equity;si;2026-09;-;-;-;-;evento;Sesiones semanales de pitch en Area 31 en Madrid: acceso rapido y barato a angels madrilenos con un proyecto que se puede visitar a 25 minutos del campus.;Orientado principalmente a proyectos de alumnos y miembros de la escuela. No es un vehiculo inversor formal con ticket definido.;ninguno;55;B;media;https://www.ie.edu/entrepreneurship/;https://www.ie.edu/entrepreneurship/ie-entrepreneurship-innovation-center/;2026-09-21;nuevo
A6-016;Oneplanetcrowd International B.V. (Grupo Invesdor);crowdfunding;crowdlending sostenible e impacto;Países Bajos;Ámsterdam;https://www.oneplanetcrowd.com;Plataforma de impacto integrada en el grupo Invesdor. Presta a empresas sostenibles con facturación mediante préstamos y préstamos convertibles a tipos del 4-10 % y plazos de 1 a 10 años. Registrada en CNMV como proveedor europeo nº24.;Financia proyectos alineados con los ODS incluidos alimentación sostenible y economía circular. Más de 100 M€ y unas 300 empresas financiadas.;desconocido;desconocido;deuda|participativo;si;2026-09;-;-;-;-;formulario_web;Préstamo convertible con kicker pequeño es exactamente el instrumento que piden los fundadores, y la hidroponía KM 0 con ahorro de agua es tesis ODS pura.;Originación históricamente concentrada en Benelux y Alemania. Solo el 5 % de las propuestas recibidas llega a campaña.;ninguno;55;B;media;https://www.cnmv.es/portal/consultas/servicios-financiacion-participativa/listado-proveedores-europeos?lang=es;https://www.oneplanetcrowd.com/en;2026-09-21;nuevo
A4-046+A6-003;Sociedad Económica para el Desarrollo de la Financiación Alternativa Colectual PSFP S.L.;crowdfunding;plataforma de crowdlending para pymes CNMV numero 21;Espana;Valencia;https://www.colectual.com/;Sociedad economica para el desarrollo de la financiacion alternativa, autorizada por la CNMV en diciembre de 2023 como proveedor de servicios de financiacion participativa para pymes.;Financia pymes espanolas de economia real. No se ha verificado cartera agro especifica.;desconocido;desconocido;deuda;si;2023-12;-;-;-;-;formulario_web;Préstamo a pyme con DSCR mínimo 3,70 y 77,5 % de los ingresos del Año 1 ya contratados es un perfil de riesgo cómodo para su comunidad inversora.;No se ha podido leer su web desde nuestro entorno, importes y requisitos sin confirmar. Verificar rango de ticket antes de contactar.;ninguno;55;B;media;https://www.cnmv.es/portal/consultas/servicios-financiacion-participativa/listado-proveedores?lang=es;https://www.colectual.com/;2026-09-21;nuevo
A5-007;Cajamar Innova (Fundacion Grupo Cajamar);aceleradora;incubadora y aceleradora de alta tecnologia del agua, agrotech y foodtech;Espana;Almeria;https://cajamarinnova.es/en/;Incubadora de alta tecnologia del agua del Grupo Cajamar con tres programas (Agua, Agrotech, Foodtech). No toma participacion accionarial y da acceso a centros experimentales de Almeria y Valencia.;95 empresas tecnologicas impulsadas en once convocatorias, las participantes han levantado mas de 25 M EUR con CDTI, FEI, Moira Capital y Swanlaab. Convocatoria abierta en marzo 2026.;0;0;desconocido;si;2026-03;-;-;-;-;formulario_web;El argumento de eficiencia hidrica radical de la hidroponia de precision es exactamente su tesis, y da acceso al Grupo Cajamar, primera entidad de credito agroalimentario de Espana.;NO PONE TICKET: es aceleracion e infraestructura, no inversion. El valor real es la puerta a la financiacion agro del Grupo Cajamar, que es deuda bancaria y no cubre la parte privada de la ronda. Base en Almeria.;ninguno;54;C;alta;https://www.cajamar.es/es/comun/informacion-corporativa/sala-de-prensa/noticias-agro/cajamar-innova-convoca-una-nueva-edicion-de-sus-programas-de-aceleracion-de-agua-agrotech-y-foodtech/;https://cajamarinnova.es/en/;2026-09-21;nuevo
A2-032;Grupo Isabellas;cadena_valor;grupo de restauracion y hoteles;Espana;Barcelona;https://grupoisabellas.com/;Grupo de restauracion y hoteles con establecimientos en Barcelona, Madrid, Costa Brava y Oporto, con facturacion en el entorno de los 28 millones de euros.;Escalado del grupo hasta 28 millones de euros de facturacion segun entrevista publica a su direccion. Presencia en Madrid.;desconocido;desconocido;desconocido;desconocido;2026-09;Marco Gari;Directivo;https://es.linkedin.com/company/grupoisabellas;-;intro_calida;Grupo en expansion con locales en Madrid: suministro premium KM0 para diferenciar carta y opcion de ticket pequeno como cliente-inversor.;Sede en Barcelona, no en Madrid. Sin historial de inversion en proveedores.;ninguno;54;C;media;https://grupoisabellas.com/en/;https://www.alimarket.es/restauracion/empresa/10035746/grupo-isabella-s;2026-09-21;nuevo
A2-027;Mantequerias Bravo;cadena_valor;delicatessen historica Madrid;Espana;Madrid;https://mantequeriasbravo.com/;Delicatessen fundada por Cruz Bravo en 1931 en el barrio de Salamanca, hoy en manos de la tercera generacion, con mas de 1.500 referencias de vino y seleccion gourmet.;Referencia historica del gourmet madrileno con jamon iberico, caviar, foie, conservas artesanas y aceites de oliva.;desconocido;desconocido;desconocido;desconocido;2026-09;Elena Bravo;Directora tercera generacion;-;-;intro_calida;Prescripcion de marca en el gourmet madrileno y posible primer punto de venta al publico de microbrotes vivos en el barrio de Salamanca.;Foco en vino y producto de larga vida. Fresco vivo fuera de su operativa habitual. Ticket muy pequeno.;ninguno;54;C;media;https://mantequeriasbravo.com/;https://www.esmadrid.com/en/shopping/bravo-grocers-shop;2026-09-21;nuevo
A2-015;Selec Mardis;cadena_valor;grupo de distribuidores gourmet horeca y tiendas especializadas;Espana;Madrid;http://selecmardis.com/web/;Grupo de distribuidores gourmet profesionales de productos de alimentacion, jamones y vinos para el canal horeca y tiendas especializadas.;Agrupacion de distribuidores gourmet con cobertura del canal horeca y del retail especializado.;desconocido;desconocido;desconocido;desconocido;2026-09;-;-;-;-;email_generico;Entrada simultanea a varios distribuidores gourmet con una sola negociacion: acuerdo marco de suministro con opcion de coinversion entre socios.;Estructura asociativa: la decision de invertir se diluye entre varios socios y puede ser lenta.;ninguno;54;C;media;http://selecmardis.com/web/;https://www.europages.es/empresas/distribuidor/productos%20gourmet%20espa%C3%B1oles.html;2026-09-21;nuevo
A1-002;Unica Group S. Coop. And.;industrial_agro;cooperativa hortofruticola de segundo grado;Espana;Almeria;https://www.unicagroup.es/;Primer grupo hortofruticola de Almeria y referencia nacional en horticultura protegida.;Lidera las grandes de la horticultura almeriense con mas de 900 M EUR de negocio y 424.000 t comercializadas, creciendo a doble digito segun El Espanol en septiembre de 2026.;desconocido;desconocido;desconocido;desconocido;2026-09;-;-;-;-;evento;Diversificacion hacia producto de altisimo valor por kg y entrada en HORECA premium, canal donde el volumen almeriense no juega.;Gobernanza cooperativa. Modelo de volumen, no de nicho gourmet. Lejos de Madrid.;ninguno;54;C;alta;https://www.elespanol.com/invertia/empresas/20260919/grandes-horticultura-almeriense-crecen-doble-digito-unica-lidera-meur-negocio/1003744388437_0.html;https://www.unicagroup.es/;2026-09-21;nuevo
A4-021;Marbella Tech Angels;red_angels;red privada de inversores del sur de Espana;Espana;Marbella;https://www.marbellatechangels.com/;Red de aproximadamente 180 inversores, mentores y personas influyentes del sur de Espana que invierte en startups en fases tempranas.;Su fundador Andreas Mihalovits acumula mas de 70 inversiones entre las que figura Incapto Coffee, negocio de cafe de consumo directo.;desconocido;desconocido;equity;si;2026-09;Andreas Mihalovits;Fundador de Marbella Tech Angels;-;-;red_angels;Red con apetito probado por marcas de consumo y bebida con margen: Rootflow vende a 39,32 euros por kilo con margen bruto del 74-77%.;Perfil internacional y de Costa del Sol, sesgo tech. Sin evidencia de inversiones en produccion agricola.;ninguno;53;C;media;https://www.marbellatechangels.com/;https://nexencapital.com/fundraising/top-150-business-angels-en-espana/;2026-09-21;nuevo
A4-027;AABAN - Asociacion Andaluza Business Angels Network;red_angels;red regional de business angels de Andalucia;Espana;Sevilla;https://aaban.org/;Red de referencia en Andalucia que agrupa a inversores privados interesados en startups y empresas innovadoras y participa activamente en el ecosistema regional.;Opera en la comunidad con mayor produccion hortofruticola de Espana. No consta cartera agro especifica documentada en la fuente verificada.;desconocido;desconocido;equity|participativo;si;2026-09;-;-;-;-;red_angels;Inversores andaluces con cultura agro que valoran un productor con ventas reales y margen bruto del 74-77% mas que una promesa tecnologica.;Ya figura en la lista de identificados de Rootflow. Geografia andaluza, lejos de Las Rozas.;ninguno;52;C;alta;https://aaban.org/;https://business-angel.es/directorio-redes-business-angels/;2026-09-21;ya_identificado
A4-019;BAGi - Business Angels Girona;red_angels;red regional de business angels de Girona;Espana;Girona;https://www.bagi.cat/;Red de inversores privados con sede en Girona que apoya a startups y proyectos empresariales innovadores de la demarcacion y su entorno.;Territorio con fuerte gastronomia y HORECA de alta cocina. No consta cartera agro especifica documentada.;desconocido;desconocido;equity|participativo;si;2026-09;-;-;-;-;formulario_web;Region con la mayor densidad de restauracion de alta cocina de Espana: sus angels entienden de inmediato el valor de microbrotes premium para emplatado.;Red pequena y local, muy lejos de Madrid. Sin evidencia de tickets ni operaciones publicas recientes.;ninguno;52;C;media;https://www.bagi.cat/;https://business-angel.es/directorio-redes-business-angels/;2026-09-21;nuevo
A3-062+A5-024;Equity4Good (Ship2B);impacto;vehiculo de impacto de 4 M EUR con coinversion del Fondo Europeo de Inversiones;España;Barcelona;https://elreferente.es/venture-capital/ship2b-cierra-periodo-inversion-equity4good-23-startups-impacto-participadas/;Plataforma de inversion de impacto del ecosistema Ship2B que coinvierte con business angels y family offices en startups de impacto social y ambiental.;23 startups de impacto participadas, entre ellas Agrosingularity (foodtech y valorizacion de subproductos agricolas), Qida, Pensium y Psious.;40000;100000;equity;si;2024-06;-;-;-;-;formulario_web;Su rango de 40-100 k EUR en primera ronda es EXACTAMENTE el ticket que busca Rootflow: el vehiculo modelo de este segmento.;PERIODO DE INVERSION CERRADO: solo quedan unos 700.000 EUR reservados para follow-ons de la cartera existente durante los proximos tres anos. No entran companias nuevas. Util como referencia de estructura, no como candidato.;ninguno;52;C;alta;https://www.webcapitalriesgo.com/agrosingularity-cierra-una-ronda-de-e1m-liderada-por-tech-transfer-agrifood-tokavi-activos-y-equity4good-ship2b/;https://capital-riesgo.es/en/articles/agrosingularity-cierra-cierra-una-ronda-de-1m-liderada-por-tech-transfer-agrifood-tokavi-activos-y-equity4good/;2026-09-21;ya_identificado
A4-032;Fellow Funders PSFP;crowdfunding;plataforma de crowdequity autorizada por la CNMV numero 2;Espana;Madrid;https://fellowfunders.es/;Plataforma madrilena de financiacion participativa autorizada por la CNMV desde noviembre de 2022, centrada en rondas de capital para pymes y startups espanolas.;Segunda plataforma inscrita en el registro CNMV de proveedores de servicios de financiacion participativa. No se ha verificado cartera agro especifica.;desconocido;desconocido;equity;si;2022-11;-;-;-;-;formulario_web;Plataforma regulada con sede en Madrid para abrir un tramo de crowdequity local y activar la deduccion IRPF autonomica de la Comunidad de Madrid.;Web con contenido publico muy limitado en la verificacion. No se ha podido comprobar actividad de rondas recientes.;ninguno;52;C;media;https://www.cnmv.es/portal/consultas/servicios-financiacion-participativa/listado-proveedores?lang=es;https://fellowfunders.es/;2026-09-21;nuevo
A2-009;Frutas Alozar;cadena_valor;mayorista distribuidor Mercamadrid;Espana;Madrid;https://www.retailactual.com/empresas/frutas-alozar-mercamadrid;Distribuidor mayorista de frutas y hortalizas con puesto en Mercamadrid nave C puestos 13 a 15.;Operador mayorista listado en directorios sectoriales de Mercamadrid.;desconocido;desconocido;desconocido;desconocido;2026-09;-;-;-;-;email_generico;Ampliar gama con microbrotes premium KM0 y convertirse en punto de referencia del producto en la nave C.;Informacion publica escasa, sin web corporativa propia verificada. Confianza baja.;ninguno;52;C;baja;https://www.retailactual.com/empresas/frutas-alozar-mercamadrid;https://www.foodalimentacion.com/empresa/frutas-alozar-mercamadrid.aspx;2026-09-21;nuevo
A2-017;Fuentes Horeca;cadena_valor;distribuidor de hosteleria Madrid;Espana;Madrid;https://fuenteshoreca.es/;Distribuidor de hosteleria con base en Madrid y un catalogo de mas de 2.000 productos con servicio de delivery al canal horeca.;Catalogo horeca de mas de 2.000 referencias y operativa de reparto propia en Madrid.;desconocido;desconocido;desconocido;desconocido;2026-09;-;-;-;-;formulario_web;Anadir una categoria fresca viva y de alto margen a un catalogo hoy centrado en seco y bebida, con exclusividad territorial.;Distribuidor generalista, poca especializacion en fresco premium. Capacidad inversora sin verificar.;ninguno;52;C;media;https://fuenteshoreca.es/;https://fuenteshoreca.es/delivery/;2026-09-21;nuevo
A2-033;Grupo Sagardi;cadena_valor;grupo de restauracion internacional;Espana;Barcelona;https://sagardi.com/;Grupo de restauracion vasca que celebra 25 anos con presencia en seis paises, diez ciudades, catorce marcas y mas de treinta restaurantes, con facturacion anual en el entorno de 55 millones de euros y mas de 1.000 empleados.;Aperturas nacionales e internacionales en curso, ultima inauguracion Sagardi Porto. Restaurantes en Madrid.;desconocido;desconocido;desconocido;desconocido;2026-09;Inaki y Mikel Lopez de Vinaspre;Fundadores;https://es.linkedin.com/company/sagardigroup;reservas@gruposagardi.com;intro_calida;Modelo basado en producto de origen y trazabilidad: microbrotes KM0 Madrid encajan en su relato y abren varios locales de golpe.;Prioridad inversora en aperturas propias. Decision desde Barcelona.;ninguno;52;C;media;https://www.indisa.es/canal-horeca/grupo-sagardi-celebra-25-anos-fuego-lento;https://es.linkedin.com/company/sagardigroup;2026-09-21;nuevo
A5-003;Swanlaab Agri-Food Tech Fund;vc;fondo VC especializado en agroalimentacion, 40-80 M EUR, ~20 startups espanolas;Espana;Madrid;https://swanlaab.com/lanzamiento-fondo-agrifood-tech/;Primer gran fondo de venture espanol especializado en innovacion agroalimentaria: produccion primaria, transformacion, logistica, distribucion y retail, con coinversores industriales.;Tesis explicita en sistemas de cultivo, inputs agricolas, digitalizacion agricola y gestion de recursos y residuos. No se ha verificado operacion publica desde septiembre 2024.;desconocido;desconocido;equity;si;-;Xana Belastegui;General Partner;-;-;formulario_web;Tesis agroalimentaria pura y coinversores industriales, util para una Serie A futura mas que para esta ronda.;TICKET MINIMO ESTIMADO ~1-4 M EUR (40-80 M EUR para ~20 companias): 10-40x la ronda de Rootflow. Exige equity y proceso de comite. Sin operacion publica verificada reciente. NO ENCAJA en la ronda actual.;ninguno;52;C;media;https://capital-riesgo.es/en/articles/swanlaab-lanza-agri-food-tech-fund-el-primer-gran-fondo-de-venture-especializado-en-la-innovaci-n-del-sector-agroalimentario/;https://swanlaab.com/lanzamiento-fondo-agrifood-tech/;2026-09-21;nuevo
A6-038;Fiare Banca Etica;banca;banca cooperativa ética;España;Bilbao;https://www.fiarebancaetica.coop;Banco cooperativo e independiente que concede crédito solo a organizaciones y empresas con impacto positivo. 407 M€ de crédito otorgado a proyectos de impacto y cero financiación a agricultura intensiva, combustibles fósiles, armas o juego.;Financia explícitamente proyectos de alimentación y agricultura de impacto positivo y excluye la agricultura intensiva.;desconocido;desconocido;deuda;si;2026-09;-;-;-;-;formulario_web;Producción local sin transporte de larga distancia y con consumo de agua reducido es el tipo de proyecto que su comité de crédito social valora por encima del puro ratio financiero.;Banca, no inversión. Tamaño de balance pequeño y procesos de decisión con doble evaluación social y económica, más lentos. Hay que argumentar por qué la hidroponía intensiva bajo LED no es agricultura intensiva en su sentido excluyente.;ninguno;51;C;alta;https://www.fiarebancaetica.coop/;https://www.fiarebancaetica.coop/;2026-09-21;nuevo
A2-016;Barrancos Food;cadena_valor;proveedor de quinta gama y gourmet para horeca;Espana;Madrid;https://www.barrancosfood.com/;Proveedor de comida de quinta gama y producto gourmet elaborado para hosteleria en Madrid, con producto cocinado por chefs e ingredientes frescos.;Especializacion en quinta gama para restauracion con posicionamiento de calidad en la plaza de Madrid.;desconocido;desconocido;desconocido;desconocido;2026-09;-;-;-;-;formulario_web;Microbrotes como elemento de acabado y emplatado para sus referencias de quinta gama, con suministro diario desde Las Rozas.;Negocio de elaborado, no de fresco: encaje comercial parcial. Sin datos de capacidad inversora.;ninguno;50;C;media;https://www.barrancosfood.com/proveedor-comida-quinta-gama-madrid;https://www.proveedores.com/delicatessen/madrid;2026-09-21;nuevo
A2-047;Buresinnova S.A.;cadena_valor;distribuidor de LED horticola Valoya en Espana y Portugal;Espana;Barcelona;https://www.buresinnova.com/;Empresa de tecnologia agricola distribuidora en exclusiva para Espana y Portugal de las lamparas LED Valoya desde 2011, fabricante finlandes pionero en LED de cultivo con espectros patentados.;Las luminarias Valoya que distribuye se usan en granjas verticales como Growing Underground en Reino Unido y Agricool en Francia para hoja y fresa.;desconocido;desconocido;desconocido;desconocido;2026-09;-;-;-;-;email_generico;Rootflow como instalacion de referencia Valoya en Madrid con datos de rendimiento por espectro en microbrote: valor comercial directo para su distribucion iberica.;Distribuidor de tamano medio. Lo mas probable es aportacion de equipo o descuento antes que capital.;ninguno;50;C;media;https://www.buresinnova.com/valoya;https://valoya.com/;2026-09-21;nuevo
A5-004;Clave Capital SGEIC (Mondragon Fondo de Promocion);vc;gestora de capital riesgo, vehiculos Mondragon Fondo de Promocion I y II y Tech Transfer Agrifood;Espana;San Sebastian;https://clave.capital/vehiculos-de-inversion/;Gestora con 16 anos y mas de 65 inversiones en proyectos innovadores y pymes industriales. Media declarada de 500 k EUR por proyecto en el fondo Mondragon.;Entro en Neboda Farms (agricultura vertical) en julio 2025 via Mondragon Fondo de Promocion II, e invirtio en Insekt Label Biotech (ingredientes a partir de insectos). Gestiona ademas Tech Transfer Agrifood.;desconocido;desconocido;equity;si;2025-07;-;-;-;-;formulario_web;Gestora con dos vehiculos agro y precedente de inversion en agricultura vertical espanola: puerta de entrada natural a Tech Transfer Agrifood.;Ticket medio declarado 500 k EUR, 5x la ronda privada de Rootflow. Sesgo Pais Vasco/Mondragon y transferencia tecnologica. Solo equity.;ninguno;50;C;media;https://www.webcapitalriesgo.com/el-fondo-mondragon-fondo-de-promocion-gestionado-por-clave-capital-invierte-en-oroi-y-hws/;https://www.alimarket.es/alimentacion/noticia/411862/neboda-levanta-1-8-m--para-consolidar-su-produccion-en-agricultura-vertical-a-escala-preindustrial;2026-09-21;nuevo
A6-028;Con Aval Sí SGR (Conavalsi);publico_coinversor;sociedad de garantía recíproca de ámbito nacional;España;Sevilla;https://www.conavalsi.com;Sociedad de garantía recíproca socia de CESGAR que ofrece avales y garantías a pymes y autónomos.;No verificada específicamente para agro.;desconocido;desconocido;deuda;si;2026-09;-;-;-;-;formulario_web;Tercera opción de aval si Avalmadrid e Iberaval no cubren el 100 % de la operación de CAPEX.;Información pública de producto muy limitada. Confirmar cobertura territorial real en Madrid y sectores admitidos.;ninguno;50;C;media;https://cesgar.es/sgr/;https://www.conavalsi.com/;2026-09-21;nuevo
A1-011;Cooperativas Agro-alimentarias de Espana;industrial_agro;federacion sectorial - via de acceso;Espana;Madrid;https://www.agro-alimentarias.coop/;Organizacion que representa al cooperativismo agroalimentario espanol y otorga el premio Cooperativa del Ano.;Concedio el Premio Cooperativa del Ano 2026 a Anecoop. Publica datos economicos del sector cooperativo.;desconocido;desconocido;desconocido;desconocido;2026-05;-;-;-;-;email_generico;Sede en Madrid y acceso directo al mapa completo de cooperativas con capacidad inversora. Canal, no inversor.;Es una federacion, no invierte. Usar para mapear e introducir.;ninguno;50;C;alta;https://www.agro-alimentarias.coop/posts/anecoop-aumenta-su-cifra-de-negocio-un-27-frente-a-un-descenso-en-el-volumen-comercializado;https://www.agro-alimentarias.coop/;2026-09-21;nuevo
A4-036;Crowdcube Europe PSFP;crowdfunding;plataforma de crowdequity autorizada por la CNMV numero 1;Espana;Barcelona;https://www.crowdcube.eu/;Primera plataforma inscrita en el registro CNMV de proveedores de servicios de financiacion participativa, en noviembre de 2022. Filial europea de la mayor plataforma de crowdequity del Reino Unido.;Tiene acuerdo con Food Business Angels para que las startups de esa red completen su financiacion a traves de la plataforma, accediendo a inversores privados de toda Europa.;desconocido;desconocido;equity;si;2026-09;-;-;-;-;formulario_web;Via natural de continuidad si Rootflow entra por Food Business Angels: el acuerdo entre ambas permite cerrar el tramo restante de la ronda con inversores europeos.;Plataforma orientada a rondas grandes y campanas de marketing costosas. Cap table muy disperso, riesgo para la linea roja de control de los fundadores.;ninguno;50;C;media;https://www.cnmv.es/portal/consultas/servicios-financiacion-participativa/listado-proveedores?lang=es;https://elreferente.es/tecnologicos/eatable-adventures-lanza-food-business-angels/;2026-09-21;nuevo
A1-015;FEPEX (Federacion Espanola de Asociaciones de Productores Exportadores);industrial_agro;federacion sectorial - via de acceso;Espana;Madrid;https://www.fepex.es/;Federacion espanola de asociaciones de productores y exportadores de frutas, hortalizas, flores y plantas vivas. Coorganiza Fruit Attraction junto a IFEMA.;Coorganizadora de Fruit Attraction 2026 (6-8 de octubre, IFEMA Madrid), con mas de 2.500 empresas expositoras previstas.;desconocido;desconocido;desconocido;desconocido;2026-09;-;-;-;-;evento;Sede en Madrid y coorganizador de la feria donde estan todos los objetivos industriales. Canal de acceso, no inversor.;Es una federacion, no invierte.;ninguno;50;C;alta;https://www.ifema.es/en/fruit-attraction;https://www.fepex.es/;2026-09-21;nuevo
A4-034;Goparity;crowdfunding;plataforma europea de inversion de impacto que opera en Espana;Portugal;Lisboa;https://goparity.com/;Plataforma de inversion sostenible que financia proyectos con impacto social y medioambiental en Iberia y que ha integrado la comunidad inversora de Bolsa Social.;Plataforma de impacto con proyectos de sostenibilidad. No se ha verificado cartera agro espanola especifica.;desconocido;desconocido;deuda;si;2026-09;-;-;-;hello@goparity.com;formulario_web;Financiacion de impacto en formato deuda para el CAPEX de la nave: eficiencia hidrica, KM0 y empleo local con flujos B2B recurrentes que dan DSCR 3,70.;Entidad portuguesa. Instrumento de deuda, no equity. Verificar su habilitacion concreta para operar en Espana antes de avanzar.;ninguno;50;C;media;https://goparity.com/;https://www.bolsasocial.com/;2026-09-21;nuevo
A2-034;Grupo Dani Garcia;cadena_valor;grupo de restauracion de chef con capital riesgo;Espana;Marbella;https://grupodanigarcia.com/;Grupo de restauracion fundado en 2014 por el chef Dani Garcia, con mas de 20 restaurantes en 6 paises y varios locales en Madrid.;Kharis Capital entro en el capital del grupo en 2024, primera operacion de capital riesgo sobre un chef espanol con estrella Michelin. El grupo ha levantado 47,7 millones de dolares. Crece con inversion propia, joint ventures y licencias.;desconocido;desconocido;desconocido;desconocido;2024-04;Dani Garcia;Fundador y chef;-;-;intro_calida;Grupo con musculo financiero y cultura de deal: producto vivo exclusivo para sus locales de Madrid con co-branding de chef y ticket minoritario.;Con Kharis Capital dentro, cualquier inversion fuera de restauracion pasa por el fondo. Sede en Marbella.;ninguno;50;C;alta;https://www.gastroeconomy.com/2024/04/el-capital-riesgo-toca-por-primera-vez-a-un-chef-espanol-con-estrella-michelin-kharis-entra-en-grupo-dani-garcia/;https://grupodanigarcia.com/en/;2026-09-21;nuevo
A3-064;Keiretsu Forum;red_angels;red global de business angels y family offices con capitulo en Espana;España;Barcelona y Madrid;-;Red internacional de inversores privados y family offices con capitulos en Espana, recogida en el directorio de Capital-Riesgo como inversor early stage.;Sin foco agro declarado. Estructura de due diligence colaborativa entre miembros.;desconocido;desconocido;equity;si;2026-06;-;-;-;-;red_angels;Permite sindicar varios tickets de 20-50 k€ entre miembros, incluidos family offices, hasta completar los 100 k€.;Ya figura entre los identificados de Alhambra Venture. Proceso de screening y due diligence entre pares que puede alargarse mas de seis semanas.;ninguno;50;C;alta;https://capital-riesgo.es/es/directory/keiretsu+forum+/;https://capital-riesgo.es/es/directory?category=family-office-general;2026-09-21;ya_identificado
A2-060;L and M Exotic Fruits;cadena_valor;importador mayorista de fruta exotica premium;Espana;Espana;https://luzmeloexoticfruits.com/;Importador y distribuidor mayorista de frutas exoticas premium desde 2017, con distribucion de mangostino, pitahaya y gulupa en toda Espana y Europa.;Especializacion en producto exotico premium para canal gourmet y horeca con cobertura nacional y europea.;desconocido;desconocido;desconocido;desconocido;2026-09;-;-;-;-;email_generico;Cartera de clientes gourmet que ya paga sobreprecio por producto diferencial: microbrotes KM0 como complemento de gama sin competir con su surtido.;Importador puro, margen de intermediacion. Capacidad inversora sin verificar.;ninguno;50;C;media;https://luzmeloexoticfruits.com/;https://www.europages.es/empresas/espa%C3%B1a/frutas-exoticas.html;2026-09-21;nuevo
A5-011;Plug and Play Spain;aceleradora;aceleradora corporativa con verticales Food and Beverage y agtech, fondo de 20 M EUR con EA Ventures;Espana;Paterna (Valencia);https://www.eu-startups.com/investor/plug-and-play-spain/;Aceleradora corporativa activa en Espana desde 2012 con sedes en Valencia y Barcelona y verticales de alimentacion y agtech. Con EA Ventures ha lanzado un fondo de 20 M EUR.;Vertical Food and Beverage y agtech con corporates del sector, el nuevo fondo invierte entre 200.000 y 500.000 EUR iniciales y hasta 1 M EUR en seguimiento.;200000;500000;equity;si;-;-;-;-;scouting@pnptc.com;email_generico;Vertical foodtech y agtech con corporates tractores que podrian convertirse en clientes o distribuidores.;TICKET MINIMO 200 k EUR, el doble de toda la ronda privada. Solo equity. El programa de aceleracion no garantiza inversion. Base en Valencia.;ninguno;50;C;media;https://techfundingnews.com/plug-play-and-ea-ventures-launch-e20m-vc-fund-to-support-spanish-startups-and-global-spanish-founders/;https://www.eu-startups.com/investor/plug-and-play-spain/;2026-09-21;nuevo
A2-040;Projar (Comercial Projar S.A.);cadena_valor;fabricante de sustratos profesionales y soluciones de riego;Espana;Valencia;https://projar.es/;Fabricante espanol de sustratos profesionales con mas de 250 mezclas distintas por cultivo y cobertura logistica en toda la peninsula iberica, con soluciones integrales de sustrato y riego para semilleros.;Trabaja con turbas, fibra de coco y fibra de madera. Solucion integral del sustrato al riego para semilleros profesionales. Miembro de APTYS.;desconocido;desconocido;desconocido;desconocido;2026-09;-;-;-;-;evento;Rootflow como showroom de su sustrato y su riego en un proyecto CEA real en Madrid, con referencia comercial y datos de rendimiento por bandeja.;Proveedor industrial sin practica conocida de tomar participaciones. Inversion realista limitada a material en especie o aplazamiento de pago.;ninguno;50;C;alta;https://projar.es/sustratos-profesionales/;https://projar.es/del-sustrato-al-riego-una-solucion-integral-para-los-semilleros-profesionales/;2026-09-21;nuevo
A5-035;Rockstart AgriFood;aceleradora;aceleradora con fondo AgriFood II de 50 M EUR y programa semestral;Paises Bajos;Amsterdam;https://rockstart.com/portfolio/;Aceleradora e inversora con segundo fondo AgriFood de 50 M EUR que preve invertir en hasta 50 startups en cinco anos. Las seleccionadas reciben una inversion inicial y entran en el programa.;Respaldada por EIFO (Dinamarca), De Hoge Dennen y Danish Agro. Programa AgriFood semestral en primavera y otono.;desconocido;desconocido;equity;si;2025-06;-;-;-;-;formulario_web;Aceleradora agrifood europea con inversion inicial incluida y red de corporates agrarios nordicos.;TICKET INICIAL NO VERIFICADO en fuentes publicas. Modelo de cohorte con convocatorias semestrales, incompatible con el term sheet de 6 semanas. Sin operaciones verificadas en Espana. Solo equity.;ninguno;50;C;media;https://www.eu-startups.com/2023/12/amsterdam-based-rockstart-launches-e50-million-second-agrifood-fund-to-double-down-on-early-stage-startups/;https://rockstart.com/portfolio/;2026-09-21;nuevo
A2-021;Transgourmet Iberica;cadena_valor;cash and carry y distribucion horeca;Espana;Barcelona;https://www.transgourmet.es/;Lider en distribucion de alimentacion a la hosteleria en Espana con mas de 22.000 productos, red de cash and carry y entrega directa. Cerro 2025 con 1.208 millones de euros de facturacion consolidada.;Invirtio 85 millones de euros en 2025 incluyendo las adquisiciones de Dispuig y Moya Saus, la creacion de Nuditrans junto a Nudisco y el nuevo GM Cash de Mercabarna. El negocio horeca aporta unos 650 millones.;desconocido;desconocido;desconocido;desconocido;2026-09;-;-;-;-;evento;Comprador activo en el sector: entrada como socio industrial minoritario para asegurar una categoria premium KM0 que hoy no produce.;Tickets de M and A de varios millones. Comite de inversion en el grupo suizo Coop. Incompatible con el calendario de la ronda.;ninguno;50;C;alta;https://www.transgourmet.es/;https://www.revistaaral.com/texto-diario/mostrar/5338444/transgourmet-preve-cerrar-2025-facturacion-1350-millones-euros;2026-09-21;nuevo
A5-047+A6-045;Viceversa;deuda_alternativa;plataforma europea de revenue based financing;Italia;Milan;https://thecfoclub.com/strategic-growth-investments/revenue-based-financing-companies/;Plataforma europea de revenue based financing que financia negocios digitales en crecimiento sin dilución y sin avalistas, con oferta en tres días a partir de la conexión de las fuentes de datos del negocio.;Opera en varios mercados europeos incluido el espanol. Foco en negocios online, sin cartera agroalimentaria.;10000;1000000;revenue_share|deuda;si;2026-09;-;-;-;-;formulario_web;Declara expresamente sin avalistas ni cosignatarios y sin dilución, que es la línea roja de los fundadores, y el revenue share está entre los instrumentos ya modelados en el V14.;Su modelo de scoring se alimenta de datos de plataformas digitales de venta online. Rootflow factura B2B por transferencia y a plazo, formato que su motor no lee bien. Encaje bajo pese a la buena forma del instrumento.;ninguno;50;C;alta;https://thecfoclub.com/strategic-growth-investments/revenue-based-financing-companies/;https://goviceversa.com/;2026-09-21;nuevo
A6-039;Coop57;banca;cooperativa de servicios financieros éticos y solidarios;España;Madrid;https://www.coop57.coop;Cooperativa de servicios financieros que capta ahorro de personas socias y lo destina a préstamos a entidades de la economía social y solidaria, con secciones territoriales propias en Madrid, Andalucía, Aragón, Asturias, Catalunya, Euskal Herria y Galiza.;Financia proyectos agroecológicos y de alimentación de proximidad dentro de la economía social. Directorio público de entidades socias.;desconocido;desconocido;deuda;si;2026-09;-;-;-;-;formulario_web;Financiación de proximidad con criterios flexibles y decisión en comisión técnica rápida, útil para un tramo pequeño de circulante.;Requiere ser entidad socia de la economía social y solidaria: una SL mercantil ordinaria como Rootflow normalmente no es elegible salvo que adopte compromisos sociales formales. Verificar antes de dedicar tiempo.;ninguno;49;C;alta;https://www.coop57.coop/;https://www.coop57.coop/;2026-09-21;nuevo
A6-006;StockCrowd Platform S.L. (Cresor Investment);crowdfunding;crowdlending y crowdequity;España;Barcelona;https://www.stockcrowdin.com/in/;Plataforma CNMV nº19 que financia proyectos mediante préstamos, participaciones sociales y otros valores.;No se ha localizado cartera agroalimentaria publicada.;desconocido;desconocido;deuda|equity;si;2026-09;-;-;-;-;formulario_web;Puede instrumentar a la vez el tramo de deuda y el tramo de ampliación con prima que Rootflow necesita para desbloquear ENISA.;Sin evidencia de operaciones agro. Información pública de rangos de ticket muy limitada.;ninguno;49;C;media;https://www.cnmv.es/portal/consultas/servicios-financiacion-participativa/listado-proveedores?lang=es;https://www.stockcrowdin.com/in/;2026-09-21;nuevo
A3-019;Atitlan - ATGRO;family_office;grupo empresarial y plataforma agricola de Roberto Centeno y Aritza Rodero;España;Valencia;https://atitlan.es/;Grupo empresarial con plataformas de agricultura (ATGRO), inmobiliario (ATDI), acuicultura (Sea Eight) e industrial, que combina capital familiar e institucional.;ATGRO gestiona mas de 22.000 hectareas transformadas y mas de 500 M€ de recursos propios en superfoods y cultivos permanentes. Fondo Atitlan Agro I SCR de 500 M€ con Banco Santander.;1000000;desconocido;equity;no;2026-01;Roberto Centeno;Presidente;-;-;intro_calida;Referente agricola espaniol: aunque el ticket no encaja, su equipo agronomico y su red comercial serian un aval y una via de distribucion.;DESCARTE POR TICKET: minimo declarado de 1 M€ para inversores cualificados en su fondo agricola. Foco en cultivos permanentes y grandes superficies, no en CEA ni en seed.;ninguno;48;C;alta;https://atitlan.es/;https://capital-riesgo.es/es/articles/atitlan-lanza-su-propia-gestora-para-impulsar-su-estrategia-agr-cola-junto-a-banco-santander-tras-levantar-500-millones-de-euros/;2026-09-21;nuevo
A1-004;Florette Iberica (Vega Mayor);industrial_agro;lider nacional de IV gama;Espana;Milagro (Navarra);https://www.florette.es/;Lider nacional de vegetales frescos envasados listos para consumir. Introdujo la IV gama en Espana a finales de los anos 80 desde la navarra Vega Mayor.;35 anos en el mercado, 6 centros de produccion (Navarra x2, Tarragona, Murcia, Toledo y Canarias) y distribucion a 14.000 puntos de venta. Ha lanzado linea de brotes frescos.;desconocido;desconocido;desconocido;desconocido;2026-01;-;-;-;-;evento;Ya ha entrado en la categoria de brotes: Rootflow es capacidad y know-how de interior listos para usar en el centro peninsular.;COMPETIDOR DIRECTO: es el operador que segun el equipo fundador ha lanzado su propia linea de microbrotes. Tratar como posible adquirente, nunca como inversor financiero, y con NDA muy cerrado.;competidor;48;C;alta;https://www.florette.es/notas/florette-cumple-35-anos-como-lider-en-espana-de-vegetales-frescos-envasados-y-listos-para-consumir/;https://revistamercados.com/las-ensaladas-completas-de-florette-responsables-del-crecimiento-de-la-iv-gama/;2026-09-21;nuevo
A1-012+A1-013+A1-014+A2-061;Frutas Los Cursos;industrial_agro;productor y exportador de hierbas aromaticas;Espana;Costa Tropical Granada;https://www.europages.es/empresas/espa%C3%B1a/fabricante%20productor/hierbas-aromaticas-frescas.html;Comercializador lider de frutas tropicales en Espana y a nivel internacional con mas de 35 anos de experiencia, con base en la Costa Tropical de Granada.;Mas de 75 anos de trayectoria en el sector agroalimentario granadino.;desconocido;desconocido;desconocido;desconocido;2026-09;-;-;-;-;email_generico;Operador con musculo en producto de nicho de alto valor: microbrotes como segunda categoria premium con produccion KM0 en Madrid.;Fuera de Madrid y centrado en tropical de campo. Informacion corporativa verificada solo via directorios. Confianza baja.;ninguno;48;C;baja;https://www.europages.es/empresas/espa%C3%B1a/fabricante%20productor/hierbas-aromaticas-frescas.html;https://empresite.eleconomista.es/Actividad/FRUTAS-EXOTICAS/;2026-09-21;nuevo
A2-010;Frutas Olivar;cadena_valor;mayorista Mercamadrid;Espana;Madrid;https://inter-fair.com/Announcement/Announcement?strPath=FRUTASOLIVAR;Mayorista de frutas y hortalizas con posicion en Mercamadrid nave B puestos 19 a 27.;Empresa listada en el directorio de empresas de Mercamadrid y en directorios feriales del sector agroalimentario.;desconocido;desconocido;desconocido;desconocido;2026-09;-;-;-;-;email_generico;Suministro de microbrotes KM0 para diferenciarse frente a los puestos vecinos de la nave B.;Datos publicos muy limitados. Verificar tamano y actividad antes de contactar.;ninguno;48;C;baja;https://inter-fair.com/Announcement/Announcement?strPath=FRUTASOLIVAR;https://bamadrid.org/wp-content/uploads/2022/09/Empresas-de-Mercamadrid.pdf;2026-09-21;nuevo
A5-018;Fundacion Repsol - Fondo de Emprendedores;aceleradora;programa de aceleracion con financiacion de hasta 120.000 EUR por empresa;Espana;Madrid;https://www.one.gob.es/en/aid-and-calls/repsol-foundation-entrepreneurs-fund;Aceleradora de la Fundacion Repsol que financia con hasta 120.000 EUR y 12 meses de aceleracion a pymes tecnologicas en fase precomercial, con acceso a pilotos industriales reales.;Areas de la 15a convocatoria: gestion del agua, eficiencia energetica, economia circular, captura de CO2 y digitalizacion industrial. Convocatoria cerrada el 15 de marzo de 2026.;0;120000;desconocido;si;2026-03;-;-;-;-;formulario_web;El ticket de hasta 120 k EUR cubriria la parte privada completa y las areas de agua y eficiencia energetica conectan con el argumento hidrico de la hidroponia.;Exige base tecnologica en FASE PRECOMERCIAL: Rootflow ya factura y es productor, no desarrollador de tecnologia. Convocatoria 2026 cerrada, seleccion en septiembre 2026 y programa desde octubre 2026, fuera del calendario del term sheet.;ninguno;48;C;alta;https://ecosistemastartup.com/fundacion-repsol-convocatoria-fondo-emprendedores-2026/;https://www.one.gob.es/en/aid-and-calls/repsol-foundation-entrepreneurs-fund;2026-09-21;nuevo
A5-030;Katapult;aceleradora;aceleradora e inversora de impacto en clima, oceano y agritech;Noruega;Oslo;https://katapult.vc/startups/accelerators;Aceleradora e inversora de impacto con mas de 130 startups desde 2017. Programa digital de 3 meses sin necesidad de trasladarse a Oslo.;Verticales declaradas de clima, oceano y AGRITECH. Invierten entre 150.000 y 500.000 USD a cambio de equity en startups de impacto con validacion de mercado.;150000;500000;equity;si;-;-;-;-;-;formulario_web;Ticket mas bajo de todas las aceleradoras internacionales revisadas y vertical agritech explicita, con programa 100% remoto que no obliga a mover la operacion.;El minimo de 150 k USD supera la ronda privada de 100 k EUR y exige equity, no participativo. Ciclo de cohorte con convocatoria. Sin operaciones verificadas en Espana.;ninguno;48;C;media;https://thehub.io/funding/katapult-accelerator;https://katapult.vc/startups/accelerators;2026-09-21;nuevo
A4-020;La Salle Technova Barcelona (EIX Technova);red_angels;incubadora universitaria con red de inversores;Espana;Barcelona;https://eixtechnova.org/;Iniciativa de inversion y incubacion vinculada al ecosistema tecnologico de La Salle en Barcelona. Apoya a startups de base tecnologica en su acceso a financiacion privada.;Ecosistema tecnologico generalista. No consta vertical agro o food documentada.;desconocido;desconocido;equity;si;2026-09;-;-;-;-;formulario_web;Roadmap IoT con Raspberry Pi, MQTT, Node-RED y Grafana y ERP propio en React y Supabase: perfil de base tecnologica que encaja en su criterio.;Foco deeptech y TIC, no agro. Fuera de Madrid.;ninguno;48;C;media;https://eixtechnova.org/;https://business-angel.es/directorio-redes-business-angels/;2026-09-21;nuevo
A6-015;LANDE Platform (SIA);crowdfunding;crowdlending agrícola europeo;Letonia;Riga;https://lande.finance;Única plataforma europea de crowdlending 100 % agrícola. Registrada en CNMV como proveedor europeo nº23 para prestar servicios en España desde febrero de 2024.;Más de 58 M€ prestados a más de 2.000 agricultores y empresas agroalimentarias. Préstamos garantizados con tierra y maquinaria a LTV del 40-60 %.;desconocido;desconocido;deuda;si;2026-09;-;-;-;-;formulario_web;Es el único prestamista paneuropeo cuyo comité entiende de verdad un P&L agrícola, y Rootflow tiene maquinaria de cultivo pignorable.;Origina préstamos solo en Letonia, Lituania y Rumanía pese al pasaporte a España. Exige garantía real sobre tierra o maquinaria y Rootflow no tiene tierra en propiedad. Confirmar si abren originación en España antes de invertir tiempo.;ninguno;48;C;media;https://www.cnmv.es/portal/consultas/servicios-financiacion-participativa/listado-proveedores-europeos?lang=es;https://lande.finance/es;2026-09-21;nuevo
A5-046;Ritmo;deuda_alternativa;plataforma espanola de revenue based financing;Espana;Madrid;https://blog.masorange.es/pymes/revenue-based-finance-que-es/;Plataforma espanola de revenue based financing fundada en 2021 que financia de 10.000 a 1.000.000 EUR sin dilucion, con devolucion vinculada a ingresos.;Criterios declarados: facturacion mensual minima de 20.000 EUR, crecimiento mensual en torno al 2% y seis meses de historico. Foco en ecommerce y SaaS.;10000;1000000;revenue_share|deuda;si;-;-;-;-;-;formulario_web;Revenue share sin dilucion y sin cesion de control, con desembolso rapido: compatible con las lineas rojas de los fundadores.;Su modelo esta pensado para ECOMMERCE y SaaS, no para B2B de producto fresco con cobro a distribuidores. Rootflow factura unos 15 k EUR al mes en Ano 1, por debajo del minimo de 20 k EUR. Util como complemento de circulante, no para los fondos propios que desbloquean ENISA.;ninguno;48;C;media;https://blog.masorange.es/pymes/revenue-based-finance-que-es/;https://thecfoclub.com/strategic-growth-investments/revenue-based-financing-companies/;2026-09-21;nuevo
A4-025;MurciaBAN Business Angels Network;red_angels;red regional de business angels de la Region de Murcia;Espana;Murcia;-;Red de business angels de la Region de Murcia orientada a conectar inversores privados con startups y proyectos innovadores en fases tempranas.;Opera en la region espanola con mayor concentracion de industria hortofruticola y de innovacion agricola, lo que hace previsible apetito de sus inversores por agro.;desconocido;desconocido;equity|participativo;desconocido;2026-09;-;-;-;-;red_angels;Inversores con cultura hortofruticola que entienden margen por kilo, cadena de frio y venta a distribucion sin necesidad de explicar el sector.;No se ha podido verificar web oficial operativa en la fecha de verificacion. Sin datos de ticket ni operaciones publicas.;ninguno;47;C;baja;https://business-angel.es/directorio-redes-business-angels/;https://www.autonomosyemprendedor.es/articulo/pymes/guia-business-angels-ccaa-que-financian-toda-clase-negocios-emergentes/20240202134632034407.html;2026-09-21;nuevo
A2-024;AGEM Asociacion Gremial de Empresarios Mayoristas de Frutas y Hortalizas de Barcelona;cadena_valor;asociacion de mayoristas de Mercabarna;Espana;Barcelona;https://www.agem.mercabarna.com/;Asociacion que agrupa a las empresas mayoristas de frutas y hortalizas del Mercado Central de Mercabarna y las representa en ferias y foros sectoriales.;Acude a Fruit Attraction con stand conjunto junto a Mercabarna y el Puerto de Barcelona con 23 firmas asociadas. Dispone de localizador publico de empresas de Mercabarna.;desconocido;desconocido;desconocido;desconocido;2026-09;-;-;-;-;evento;Via de entrada en bloque a 23 mayoristas de Mercabarna en Fruit Attraction 2026 del 6 al 8 de octubre en IFEMA Madrid.;Asociacion sectorial: no invierte. Valor puramente de canal y agenda de contactos.;ninguno;46;C;alta;https://www.agem.mercabarna.com/;https://www.agem.mercabarna.com/la-asociacion-empresarial-de-frutas-y-hortalizas-de-mercabarna-agem-y-23-de-sus-firmas-asociadas-en-fruit-attraction-del-8-al-10-de-octubre/;2026-09-21;nuevo
A6-040;Bankinter;banca;banca comercial con línea conjunta con SGR de Madrid;España;Madrid;https://www.bankinter.com;Banco comercial que en abril de 2026 elevó a 30 M€ su línea conjunta con Avalmadrid para financiar a pymes y autónomos de la Comunidad de Madrid.;Línea generalista para el tejido empresarial madrileño, sin especialización agro.;desconocido;desconocido;deuda;si;2026-04;-;-;-;-;intro_calida;Es el banco concreto con el que Avalmadrid tiene línea viva y ampliada: la vía más corta para convertir el aval de Avalmadrid en póliza y préstamo de CAPEX.;Banca pura: pedirá garantías sobre el activo y no aporta fondos propios. Entrar por Avalmadrid, no por oficina.;ninguno;46;C;alta;https://www.avalmadrid.es/noticias/avalmadrid-y-bankinter-elevan-a-30-millones-su-linea-conjunta-de-financiacion-para-pymes-y-autonomos/;https://www.avalmadrid.es/lineas-bonificadas/;2026-09-21;nuevo
A1-010;Bollo Natural Fruit;industrial_agro;comercializadora hortofruticola;Espana;Sevilla;https://www.bollo.es/;Uno de los mayores operadores hortofruticolas espanoles por volumen comercializado.;400.000 t comercializadas, tercer operador nacional por volumen tras Anecoop y Unica segun Revista Mercados.;desconocido;desconocido;desconocido;desconocido;2026-01;-;-;-;-;evento;Diversificacion hacia producto de alto valor por kg frente a un negocio de volumen y margen ajustado.;Negocio de fruta de volumen, sin evidencia de interes en nicho gourmet ni en cultivo de interior. Lejos de Madrid.;ninguno;46;C;media;https://revistamercados.com/descubre-las-15-entidades-que-mas-volumen-mueven-en-el-sector-hortofruticola-espanol/;https://www.bollo.es/;2026-09-21;nuevo
A5-025;Fondo Bolsa Social Impacto (gestionado por Afi);impacto;fondo europeo de economia social (EuSEF n.3 CNMV) de 22 M EUR;Espana;Madrid;https://www.bolsasocial.fund/en/;Fondo de venture capital de impacto de 22 M EUR registrado como EuSEF numero 3 en la CNMV y gestionado por Afi Inversiones Globales SGIIC. Invierte en Espana y Portugal.;Sectores declarados: salud, educacion de calidad, PRODUCCION SOSTENIBLE y accion climatica. Informe de impacto 2025 publicado con mas de 47.000 toneladas de CO2 evitadas en cartera.;desconocido;desconocido;equity;si;2025-12;-;-;-;-;formulario_web;La linea de produccion sostenible y accion climatica encaja con el ahorro de agua y la sustitucion de importacion con KM 0.;Ticket por operacion no publicado, pero el tamano del fondo (22 M EUR) apunta a operaciones de varios cientos de miles de euros. Solo equity, sin evidencia de participativo. Proceso de comite. Cartera sin produccion agricola.;ninguno;46;C;media;https://www.afi.es/insights/informe-de-impacto2025-invertimos-en-startups-que-cuidan-de-las-personas-y-del-planeta;https://www.bolsasocial.fund/en/;2026-09-21;nuevo
A6-029;Garántia SGR;publico_coinversor;sociedad de garantía recíproca de Andalucía;España;Granada;https://sgrgarantia.es;SGR andaluza que mejora las condiciones del crédito bancario a pymes y autónomos. Ha renovado con CaixaBank una línea de 450 M€ para empresas andaluzas.;Avala ampliamente al tejido agroalimentario andaluz, con informe anual propio de financiación de pymes y autónomos de Andalucía.;desconocido;desconocido;deuda;si;2026-09;-;-;-;garantia@sgrgarantia.es;formulario_web;Referencia de músculo agro en SGR. Solo relevante si Rootflow abre un segundo centro de producción en Andalucía.;Ámbito territorial limitado a Andalucía. Rootflow no es elegible hoy.;ninguno;46;C;alta;https://cesgar.es/sgr/;https://sgrgarantia.es/;2026-09-21;nuevo
A2-045;J. Huete Greenhouses;cadena_valor;ingenieria de invernaderos y proyectos hidroponicos;Espana;Navarra;https://jhuete.es/;Fabricante de invernaderos e ingenieria que desarrolla proyectos hidroponicos para empresas y productores, integrando estructura, riego, drenaje, clima y estrategia agronomica.;Proyectos hidroponicos para productores con gestion tecnica precisa de agua, nutricion y salud radicular.;desconocido;desconocido;desconocido;desconocido;2026-09;-;-;-;-;formulario_web;Socio tecnico para el salto de nave: diseno del sistema hidroponico y del clima a cambio de referencia y posible participacion minima.;Enfocado a proyectos de gran superficie desde una hectarea. Rootflow es pequeno para su ticket habitual.;ninguno;46;C;media;https://jhuete.es/fabricante-invernaderos-espana-hectarea/;https://jhuete.es/;2026-09-21;nuevo
A3-027;KIMPA;family_office;multi family office de Madrid especializado en impacto y ESG;España;Madrid;-;Multi family office madrileno con foco declarado en inversion de impacto, criterios ESG y renovables.;Sin cartera agroalimentaria documentada, pero el mandato de impacto cubre agua, clima y sistemas alimentarios sostenibles.;desconocido;desconocido;equity;desconocido;2026-06;-;-;-;-;email_generico;Impacto medible y auditable: litros de agua ahorrados por kilo, kilometros de transporte evitados y sustitucion de importacion.;Web no verificada en esta investigacion. Tickets y proceso desconocidos. Requiere verificacion manual.;ninguno;46;C;baja;https://allfamilyoffices.com/family-office-madrid;https://allfamilyoffices.com/family-office-madrid;2026-09-21;nuevo
A2-037;Semillas Fito S.A.;cadena_valor;multinacional espanola de semillas horticolas;Espana;Barcelona;https://www.semillasfito.es/;Multinacional espanola fundada en 1880, una de las lideres en mejora genetica, produccion y distribucion de semillas agricolas y horticolas, con ocho filiales y ventas en mas de 70 paises.;El 65 por ciento de su facturacion procede de exportacion. Negocio integramente horticola y agricola.;desconocido;desconocido;desconocido;desconocido;2026-09;-;-;-;-;evento;Proveedor estrategico de semilla y potencial socio de I+D: Rootflow como banco de pruebas en Madrid de variedades para microbrote con datos de rendimiento reales.;Corporacion familiar grande centrada en genetica, sin historial publico de inversion en explotaciones cliente. Encaje de capital bajo.;ninguno;46;C;alta;https://www.semillasfito.es/es-es/empresa/sobre-nosotros;https://www.semillasfito.com/es-es/empresa/sobre-nosotros/;2026-09-21;nuevo
A6-041;AgroBank (CaixaBank);banca;línea agroalimentaria de banca comercial;España;Barcelona;https://www.caixabank.es/particular/agrobank/agrobank.html;Línea especializada de CaixaBank para el sector agroalimentario, con productos de circulante, inversión y anticipo de ayudas.;Marca dedicada en exclusiva al sector agro y agroalimentario español.;desconocido;desconocido;deuda;si;2026-09;-;-;-;-;formulario_web;Complemento de circulante y CAPEX con lenguaje agro, combinable con el aval de Avalmadrid para evitar garantías personales.;Banca, no inversión. No computa como fondos propios para ENISA. Ya identificado por el equipo en Alhambra Venture, no cuenta como hallazgo nuevo.;ninguno;45;C;media;https://www.caixabank.es/particular/agrobank/agrobank.html;https://www.caixabank.es/particular/agrobank/agrobank.html;2026-09-21;ya_identificado
A6-030;Aválam SGR;publico_coinversor;sociedad de garantía recíproca de la Región de Murcia;España;Murcia;https://avalam.es;SGR murciana fundada por empresarios en 1981. Ofrece confirming avalado y la Línea Aquisgrán de financiación directa a tipo fijo sin intermediación de entidad financiera, con tramitación exprés.;Territorio con fuerte peso hortofrutícola y avales sobre compra de fincas rústicas con beneficios fiscales en ITP y AJD.;desconocido;desconocido;deuda;si;2026-09;-;-;-;avalam@avalam.es;formulario_web;Su Línea Aquisgrán de financiación directa sin banco es el modelo de producto que conviene pedir a Avalmadrid para acelerar plazos.;Ámbito territorial limitado a la Región de Murcia. Rootflow no es elegible hoy.;ninguno;45;C;alta;https://cesgar.es/sgr/;https://avalam.es/;2026-09-21;nuevo
A6-024;Gedesco;deuda_alternativa;financiación de circulante para pymes;España;Valencia;https://www.gedesco.es;Una de las financieras privadas de circulante más veteranas de España, con productos de anticipo de facturas, descuento de pagarés, confirming y préstamos a pymes.;No verificada.;desconocido;desconocido;deuda;si;desconocido;-;-;-;-;formulario_web;Alternativa adicional de circulante para comparar precio contra Workcapital, Novicap y Finanzarel.;No se ha podido verificar su web desde nuestro entorno por un problema de certificado TLS. Confirmar productos, importes y condiciones antes de contactar.;ninguno;45;C;baja;https://www.rankia.com/blog/autonomos-y-emprendedores/6789892-mejores-empresas-factoring;https://www.gedesco.es/;2026-09-21;nuevo
A4-026;GOBAN - Red de Business Angels de Castilla-La Mancha;red_angels;red regional de business angels apoyada por CEEI;Espana;Albacete;-;Red de inversores privados integrada en el ecosistema emprendedor de Castilla-La Mancha, con apoyo de los Centros Europeos de Empresas e Innovacion.;Opera en una comunidad de fuerte base agroalimentaria. No consta cartera agro especifica documentada.;desconocido;desconocido;equity|participativo;desconocido;2026-09;-;-;-;-;red_angels;Comunidad limitrofe con Madrid y con base agroalimentaria: el salto de nave al sur de Madrid queda en su radio natural de interes.;No se ha podido verificar web oficial operativa en la fecha de verificacion. Sin datos publicos de ticket ni operaciones.;ninguno;45;C;baja;https://business-angel.es/directorio-redes-business-angels/;https://economia3.com/aqui-tienes-las-redes-de-business-angels-de-espana/;2026-09-21;nuevo
A4-023;La Cuarta;deuda_alternativa;iniciativa asturiana de financiacion alternativa para startups y pymes;Espana;Oviedo;https://lacuarta.es/;Iniciativa asturiana centrada en financiacion alternativa para startups y pymes innovadoras. Da acceso a inversores privados y acompana en la estrategia de captacion de capital.;Plataforma generalista de financiacion alternativa. No consta cartera agro documentada.;desconocido;desconocido;participativo|deuda;si;2026-09;-;-;-;-;formulario_web;Estructura de prestamo participativo con interes variable sobre EBITDA y DSCR minimo de 3,70: el tipo de operacion de financiacion alternativa que estructuran.;Foco asturiano. Sin evidencia de operaciones agro ni de ticket.;ninguno;45;C;media;https://lacuarta.es/;https://business-angel.es/directorio-redes-business-angels/;2026-09-21;nuevo
A3-028;Active Compass;family_office;multi family office y EAF de Madrid;España;Madrid;https://www.activecompass.es/;Multi family office y asesoria financiera de Madrid con servicios de consultoria patrimonial, asesoramiento empresarial e inversiones, con ticket de referencia en torno a 100 k€.;Sin cartera agroalimentaria documentada.;100000;desconocido;equity|desconocido;desconocido;2026-06;-;-;-;info@activecompass.es;email_generico;Ticket de referencia de 100 k€ alineado con la ronda y email generico publicado para contacto directo.;Es sobre todo asesoramiento patrimonial, no inversor directo en startups. Sin tesis agro ni operaciones documentadas.;ninguno;44;C;media;https://www.activecompass.es/;https://venturecapitalarchive.com/blogs/25-active-family-offices-in-spain;2026-09-21;nuevo
A3-056;Cabiedes & Partners;angel;vehiculo de inversion familiar de los hermanos Cabiedes;España;Madrid;-;Vehiculo de inversion de los hermanos Cabiedes, historicamente uno de los inversores seed mas activos de Espana, con tickets pequenios en fases muy tempranas.;Aparece en listados de inversores del sector Food and Beverage en Espana, con rango seed declarado desde el entorno de 150 k$.;150000;1500000;equity;si;2025-06;-;-;-;-;intro_calida;Ticket seed compatible y decision historicamente muy rapida, con capacidad de arrastrar a otros angels.;Tesis historicamente digital y de marketplaces, no de activos fisicos. Datos de ticket procedentes de un agregador, no de fuente primaria.;ninguno;44;C;baja;https://shizune.co/investors/food-and-beverage-investors-spain;https://shizune.co/investors/food-and-beverage-investors-spain;2026-09-21;nuevo
A3-022;Importaco;family_office;grupo familiar valenciano de frutos secos y agua mineral;España;Beniparrell (Valencia);https://www.importaco.com/;Grupo de empresa familiar especializado en frutos secos, agua mineral y bebidas, con estrategia propia de sostenibilidad y transicion energetica.;Negocio nuclear agroalimentario: frutos secos, snacks saludables y agua mineral, con cadena agricola propia.;desconocido;desconocido;equity;desconocido;2026-08;-;-;-;-;formulario_web;Familia con negocio agroalimentario y sensibilidad declarada por eficiencia de recursos: Rootflow usa hasta un 90% menos de agua que el campo abierto.;Sin evidencia publica de inversion en startups ni de vehiculo de family office. Es mas candidato industrial (Agente 1) que financiero.;ninguno;44;C;alta;https://www.importaco.com/es/;https://www.importaco.com/;2026-09-21;nuevo
A2-049;Intarcon S.L.;cadena_valor;fabricante espanol de equipos de refrigeracion y frio industrial;Espana;Lucena Cordoba;https://www.intarcon.com/;Primer fabricante espanol de equipos de refrigeracion y frio industrial en aplicaciones alimentarias, con un catalogo de un millar de referencias y mas de 40.000 equipos en servicio en mas de 40 paises.;Equipos de hasta 100 kW y temperaturas de mas 18 a menos 40 grados para camaras frigorificas y salas de trabajo del sector alimentario.;desconocido;desconocido;desconocido;desconocido;2026-09;-;-;-;-;email_generico;Proveedor natural de la camara frigorifica del CAPEX de la nueva nave: financiacion de proveedor o renting como alternativa a consumir caja de la ronda.;Fabricante industrial, no inversor. Su aportacion realista es financiera indirecta, no equity.;ninguno;44;C;alta;https://www.intarcon.com/empresa/;https://www.intarcon.com/camaras-frigorificas/;2026-09-21;nuevo
A2-022;Makro Espana;cadena_valor;cash and carry y distribucion horeca del grupo Metro;Espana;Madrid;https://www.makro.es/;Lider en distribucion mayorista multicanal a restaurantes en Espana, con 1.875 millones de euros de ventas en el ejercicio 2024-2025 y objetivo de 2.000 millones en 2026.;Las compras a proveedores espanoles alcanzan el 90 por ciento del total. El Servicio de Distribucion y Venta Online a Hosteleria crecio un 15 por ciento y ya supone el 29,1 por ciento de la facturacion. Inversion de 2,6 millones en el cash de Elche en 2026.;desconocido;desconocido;desconocido;desconocido;2026-09;-;-;-;-;evento;Politica declarada de compra local al 90 por ciento: Rootflow es producto KM0 Madrid con marca blanca posible para su gama premium horeca.;Multinacional con procurement centralizado. No invierte en proveedores pequenos. Encaje solo como cliente.;ninguno;44;C;alta;https://www.makro.es/prensa/2026/Resultados-Financieros-FY-24-25;https://www.makro.es/prensa/2026/Makro-Elche;2026-09-21;nuevo
A4-022;RECABA - Red Canaria de Business Angels;red_angels;red regional de business angels de Canarias;Espana;Las Palmas de Gran Canaria;https://recaba.es/;Red canaria de business angels que conecta inversores privados del archipielago con proyectos emprendedores en fases iniciales.;Red generalista regional. No consta cartera agro especifica documentada.;desconocido;desconocido;equity;desconocido;2026-09;-;-;-;-;formulario_web;Proyecto agro de interior con logistica corta: relevante para inversores de territorios donde el producto fresco depende de importacion.;Muy lejos de Madrid. Informacion publica escasa sobre tickets y operaciones.;ninguno;44;C;baja;https://recaba.es/;https://www.autonomosyemprendedor.es/articulo/pymes/guia-business-angels-ccaa-que-financian-toda-clase-negocios-emergentes/20240202134632034407.html;2026-09-21;nuevo
A5-023;Ship2B Ventures (BSocial Impact Fund);impacto;gestora de impacto con BSocial Impact Fund I y II, coinversion del FEI y del Fondo de Impacto Social;Espana;Barcelona;https://www.ship2b.org/en/investment/;Gestora de venture capital de impacto de la Fundacion Ship2B, con la mayor red de inversion de impacto de Espana (mas de 400 miembros entre angels, family offices y plataformas).;El vehiculo Equity4Good invirtio en Agrosingularity (foodtech de impacto). BSocial Impact II impulsado por el Fondo de Impacto Social con 15 M EUR.;300000;1500000;equity;si;-;-;-;-;-;formulario_web;Red de coinversion de impacto de 400+ miembros donde podrian aparecer tickets pequenos de business angels.;El fondo institucional invierte tickets muy por encima de la ronda. Ya figura como ya_identificado en el pipeline de Rootflow (Alhambra Venture). El valor real esta en su red de angels, no en el fondo.;ninguno;44;C;media;https://www.ship2b.org/en/investment/;https://planderecuperacion.gob.es/noticias/fondo-impacto-socia-impulsa-bsocial-Impact-II-15-millones-euros-prtr;2026-09-21;ya_identificado
A6-042;BStartup (Banco Sabadell);banca;unidad de banca para startups;España;Barcelona;https://www.bancsabadell.com/bsstartup/es/;Unidad de Banco Sabadell dedicada a startups y empresas en fase temprana, con productos bancarios específicos y actividad inversora propia.;Cartera principalmente tecnológica y digital. Sin especialización agro.;desconocido;desconocido;deuda|equity;si;2026-09;-;-;-;-;formulario_web;El ERP propio en React y Supabase y el roadmap IoT dan a Rootflow el perfil tecnológico que su unidad necesita ver para abrir cuenta y línea.;Foco en startups digitales. Ya identificado por el equipo en Alhambra Venture, no cuenta como hallazgo nuevo.;ninguno;43;C;media;https://www.bancsabadell.com/bsstartup/es/;https://www.bancsabadell.com/bsstartup/es/;2026-09-21;ya_identificado
A3-023;Kereon Partners;family_office;gestora de capital privado con capital familiar y participadas alimentarias;España;Bilbao, Madrid y Barcelona;https://kereon.es/;Gestora fundada en 2011 que invierte en smart projects: compania de consolidacion de facility services, alimentacion carnica, reciclaje de metales y movilidad electrica.;Participada La Granja / Caysan, elaboracion de productos naturales cocidos, ahumados y adobados derivados del cerdo.;desconocido;desconocido;equity;desconocido;2025-06;-;-;-;-;formulario_web;Ya tiene una participada alimentaria y oficina en Madrid: Rootflow anade una categoria premium de crecimiento con margenes muy superiores.;Perfil de buyout y consolidacion sectorial, no de seed. Tickets muy superiores a 100 k€. Busca posiciones de control.;ninguno;43;C;alta;https://kereon.es/;https://pitchbook.com/profiles/investor/129101-05;2026-09-21;nuevo
A6-046;Levenue;venture_debt;revenue based financing sobre ingresos recurrentes;Bélgica;Bruselas;https://www.levenue.com;Plataforma europea de financiación no dilutiva que adelanta hasta el 35 % del ARR de empresas con ingresos recurrentes, con devolución en cuotas fijas a 12 meses.;Cartera de SaaS y suscripción. Sin evidencia agroalimentaria.;desconocido;desconocido;revenue_share;si;2026-09;-;-;-;-;formulario_web;Los pedidos semanales recurrentes de Frutas Eloy y La Huerta de Aranjuez son lo más parecido a ARR que tiene Rootflow, pero hay que demostrarlo con contrato.;Exige ingresos recurrentes contractualizados tipo suscripción, no pedidos recurrentes sin contrato. Plazo de 12 meses demasiado corto frente al payback de 33 meses del plan. Encaje bajo.;ninguno;43;C;alta;https://www.levenue.com/;https://www.levenue.com/;2026-09-21;nuevo
A6-032;SEPIDES (SEPI Desarrollo Empresarial);publico_coinversor;sociedad pública estatal de financiación empresarial;España;Madrid;https://sepides.es;Sociedad 100 % pública del grupo SEPI que financia empresas españolas en expansión mediante préstamos ordinarios, préstamos participativos y participación minoritaria y temporal en capital. Gestiona los fondos Consolida, FAIIP, Germina, SAADSS y el mecanismo Reinicia+.;Financiación sectorialmente abierta con requisito de carácter innovador y efecto dinamizador de la economía.;200000;6000000;participativo|deuda|equity;si;2026-09;-;-;-;-;formulario_web;Es el único financiador público estatal fuera de la lista ya mapeada que hace préstamo participativo con toma minoritaria y temporal, exactamente la estructura que quieren los fundadores.;Importe mínimo declarado de 200.000 € en general y 500.000 € para el préstamo participativo, muy por encima de los 100 k€ de tramo privado. Proceso de análisis largo, incompatible con el term sheet de 31/10/2026. Exige fase de expansión y estructura financiera adecuada.;ninguno;43;C;alta;https://sepides.es/financiacion-empresarial/;https://www.sepides.es/tipo-de-financiacion-a-conceder/financiacion-empresarial/sepides/;2026-09-21;nuevo
A2-041;Bures Profesional S.A.;cadena_valor;fabricante de tierras sustratos y abonos;Espana;Girona;https://www.burespro.com/;Fabricante espanol de tierras, sustratos de cultivo, abonos y compost organicos, con actividad de sustratos vegetales desde los anos ochenta.;Fabricacion de sustratos de cultivo y compost organicos para agricultura y jardineria. Miembro de APTYS.;desconocido;desconocido;desconocido;desconocido;2026-09;-;-;-;-;email_generico;Proveedor de sustrato con capacidad de co-desarrollar una mezcla especifica para microbrote hidroponico y usar Rootflow como caso de referencia.;Negocio industrial de volumen, sin senales de actividad inversora en clientes.;ninguno;42;C;media;https://www.burespro.com/en/;https://macetasysustratos.com/aptys/;2026-09-21;nuevo
A3-020;Corporación Masaveu;family_office;holding de empresa familiar con division de bodegas;España;Oviedo y Madrid;https://corporacionmasaveu.com/;Grupo empresarial familiar fundado en 1840 con siete divisiones: industria, bodegas, aparcamientos, inmobiliaria, medicina, internacional y arte, y mas de cien filiales y participadas.;Division de bodegas con Murua, Fillaboa, Pagos de Araiz, Valveran y participaciones en Leda y Aalto. Vocacion declarada de permanencia y no especulativa.;desconocido;desconocido;equity;desconocido;2025-09;-;-;-;-;intro_calida;Familia con origen agroalimentario en vino y sidra y presencia patrimonial en Madrid: activo agricola real, de largo plazo y no especulativo, que es su lenguaje.;No tiene programa de venture ni de inversion en terceros documentado. Tickets y estructura de holding industrial. Decision muy centralizada.;ninguno;42;C;alta;https://corporacionmasaveu.com/;https://corporacionmasaveu.com/en/wineries/;2026-09-21;nuevo
A4-037+A6-009;Crowpire PSFP;crowdfunding;plataforma de financiacion participativa autorizada por la CNMV numero 13;Espana;Espana;https://www.crowpire.com/;Plataforma de financiacion participativa autorizada por la CNMV en noviembre de 2023 que se define como inversion en comunidad.;No se ha verificado cartera agro ni food especifica en la plataforma.;desconocido;desconocido;equity|deuda;desconocido;2023-11;-;-;-;-;formulario_web;Plataforma regulada de tamano pequeno donde una operacion de 40-50 k tiene peso y visibilidad, frente a las grandes plataformas.;Informacion publica muy limitada. Sin evidencia de operaciones recientes ni de tesis sectorial.;ninguno;42;C;baja;https://www.cnmv.es/portal/consultas/servicios-financiacion-participativa/listado-proveedores?lang=es;https://www.crowpire.com/;2026-09-21;nuevo
A4-024;Elephant Capital;red_angels;firma aragonesa de inversion en startups de base tecnologica;Espana;Zaragoza;https://www.elephantcapital.es/;Firma aragonesa de inversion en startups y empresas de base tecnologica que combina aportacion de capital con acompanamiento estrategico en las primeras etapas.;Firma generalista tech. No consta cartera agro documentada.;desconocido;desconocido;equity;desconocido;2026-09;-;-;-;-;formulario_web;ERP propio V72 en produccion y telemetria IoT en roadmap: componente tecnologico real sobre un negocio agro con ventas.;Web con contenido publico muy limitado. Sin tesis agro. Fuera de Madrid.;ninguno;42;C;baja;https://www.elephantcapital.es/;https://business-angel.es/directorio-redes-business-angels/;2026-09-21;nuevo
A2-036;Grupo Ausolan;cadena_valor;cooperativa de restauracion colectiva;Espana;Guipuzcoa;https://www.ausolan.com/;Grupo cooperativo de restauracion colectiva situado entre los cinco lideres del sector en Espana junto a Serunion, Compass, Sodexo y Aramark.;Mas de 284 millones de euros de facturacion, 11.000 empleados, unos 2.300 clientes y mas de 260.000 menus diarios, con capital 100 por cien nacional. Renovo su alianza con Platano de Canarias para el suministro semanal de fruta a mas de 1.700 centros escolares en el curso 2025-2026.;desconocido;desconocido;desconocido;desconocido;2025-09;-;-;-;-;email_generico;Ya firma alianzas estructurales con productores: replicar el modelo con una categoria premium y un ticket de entrada en el productor.;Estructura cooperativa y decision colegiada, lenta. Perfil de precio bajo por comensal.;ninguno;42;C;media;https://www.ausolan.com/;https://www.restauracioncolectiva.com/c/operadoras;2026-09-21;nuevo
A2-050;KIDE S.Coop.;cadena_valor;fabricante de camaras frigorificas paneles y equipos de frio;Espana;Guipuzcoa;https://www.kide.com/;Cooperativa fabricante de camaras frigorificas, panel, puertas y equipos de frio con mas de 50 anos en el sector, que permite centralizar todas las necesidades de frio en un unico proveedor.;Fabricacion integral de panel, puertas y equipos frigorificos para el sector alimentario.;desconocido;desconocido;desconocido;desconocido;2026-09;-;-;-;-;email_generico;Proveedor unico para la camara frigorifica y el aislamiento de la nave, con posibilidad de acuerdo de pago aplazado ligado al calendario de desembolso de ENISA y SAECA.;Cooperativa industrial sin practica de inversion en clientes. Encaje solo como proveedor con condiciones.;ninguno;42;C;alta;https://www.kide.com/es/;https://www.kide.com/es/camara-frigorifica-industrial/;2026-09-21;nuevo
A3-054;Leanox Impact Ventures;impacto;fondo aleman de impacto coinversor en agricultura de interior en Espana;Alemania;Múnich;-;Fondo de impacto aleman que invierte en proyectos con impacto ambiental medible y ha coinvertido en Espana junto a corporates y family offices.;Coinversor en la ronda de 4,2 M€ de Ekonoke, cultivo hidroponico de lupulo en interior en Espana.;desconocido;desconocido;equity;si;2022-10;-;-;-;-;intro_calida;Ya ha financiado agricultura de entorno controlado en Espana con tesis de huella hidrica y de carbono, el mismo argumento de Rootflow.;Extranjero. Ultima operacion espanola documentada en 2022. Web y datos de contacto no verificados en esta investigacion.;ninguno;42;C;media;https://elreferente.es/inversiones/ekonoke-cierra-ronda-inversion-42m-garantizar-produccion-sostenible-cerveza/;https://sifted.eu/articles/spain-farming-startup-climate-hops;2026-09-21;nuevo
A5-012+A5-037;Mission (antes Demium Capital);vc;fondo de impacto agrifood y bioeconomia, ~1.000 M EUR bajo gestion;Luxemburgo;Luxemburgo;https://www.crunchbase.com/organization/think-bigger-capital;Gestora de impacto que invierte en companias tecnologicas de fase temprana y crecimiento en agroalimentacion sostenible y bioeconomia. Segundo fondo de 360 M EUR cerrado en septiembre de 2023.;Fondo generalista de tecnologia sin tesis agroalimentaria declarada. Ticket inicial medio 250.000 EUR y hasta 2 M EUR en las mas prometedoras.;250000;2000000;equity;si;2026-01;Jorge Dobon;Managing Partner;-;-;formulario_web;Capital pre-seed espanol muy activo y con ciclos de decision relativamente rapidos.;Ticket inicial medio de 250 k EUR, 2,5x la ronda privada. Fondo generalista sin cartera agro verificada. Exige equity y suele pedir un porcentaje relevante en pre-seed, incompatible con dilucion minima.;ninguno;42;C;alta;https://www.eu-startups.com/2026/01/madrid-based-talent-vc-demium-rebrands-as-mission-and-unveils-e35-million-pre-seed-fund-for-spanish-startups/;https://www.crunchbase.com/organization/think-bigger-capital;2026-09-21;nuevo
A2-038;Rocalba S.A.;cadena_valor;productor y distribuidor de semillas horticolas;Espana;Girona;https://www.rocalba.es/;Casa de semillas espanola con catalogo horticola profesional y de aficionado, incluyendo gamas de brotes y germinados.;Catalogo de semillas horticolas y lanzamiento de gama de horticolas y aromaticas presembradas entre capas de papel biodegradable.;desconocido;desconocido;desconocido;desconocido;2026-09;-;-;-;-;evento;Proveedor de insumo critico que puede ver en Rootflow un cliente de volumen creciente y un escaparate tecnico de su semilla para microbrote.;Empresa de semillas, no inversora. El encaje realista es comercial y de codesarrollo, no de capital.;ninguno;42;C;media;https://www.rocalba.es/es/44-horticolas;https://www.rocalba.es/;2026-09-21;nuevo
A5-036;StartLife (StartLife Pre-seed Fund);deuda_alternativa;fondo pre-seed agrifoodtech con prestamo subordinado, vinculado a Wageningen y Startup Fund Gelderland;Paises Bajos;Wageningen;https://startlife.nl/startlife-preseed-fund/;Fondo pre-seed de la incubadora agrifoodtech de Wageningen que concede PRESTAMOS SUBORDINADOS de 100.000 EUR al 3% anual a 6 anos, con 24 meses de carencia, sin cofinanciacion obligatoria y SIN AVAL PERSONAL.;Especializado exclusivamente en foodtech y agritech. Junto con Oost NL y la provincia de Gelderland ofrece prestamos subordinados de 25.000 a 250.000 EUR via Startup Fund Gelderland.;25000;250000;deuda|participativo;si;-;-;-;-;-;formulario_web;Es el mejor ESPEJO del instrumento que busca Rootflow: 100 k EUR de deuda subordinada, sin aval, sin dilucion y con carencia. Sirve de benchmark para negociar el term sheet con inversores espanoles.;BLOQUEANTE: exige entidad registrada en los PAISES BAJOS y con base o impacto estrategico en la provincia de GELDERLAND. Rootflow no es elegible. Incluido como referencia de estructura, no como candidato.;ninguno;42;C;alta;https://startlife.nl/startlife-preseed-fund/;https://startlife.nl/funding-for-agrifoodtech-startups/;2026-09-21;nuevo
A3-029;Ariete Capital (Ariete Family Office);family_office;multi family office de Barcelona con coinversiones directas y SPV;España;Barcelona;https://ariete.capital/;Multi family office fundado en 2009 que asesora patrimonios medios y grandes, con especializacion en deportistas y profesionales liberales, y despliega capital en PE, inmobiliario e infraestructuras via coinversiones directas y SPV.;Sin cartera agroalimentaria documentada.;desconocido;desconocido;equity;si;2025-06;-;-;-;-;formulario_web;Estructura sus operaciones en SPV de coinversion, formato compatible con cuentas en participacion y tickets de 20-50 k€ por socio.;Sin tesis agro. Barcelona, con plan de abrir Madrid aun no ejecutado. Clientela deportiva con horizontes cortos.;ninguno;41;C;media;https://capital-riesgo.es/es/articles/ariete-family-office-prev-nuevas-sedes-en-madrid-y-latinoam-rica-en-su-plan-estrat-gico-a-3-a-os/;https://altss.com/profile/ariete-family-office;2026-09-21;nuevo
A3-021;Inveravante;family_office;holding de la familia Jove con linea agroalimentaria;España;A Coruña;https://www.inveravante.com/;Holding fundado en 2007 por Manuel Jove, hoy dirigido por sus herederos, con inversiones en inmobiliario, hoteles, energia y productos agroalimentarios y 1.914 M€ de activos.;Linea agroalimentaria con produccion y venta de vino y queso a traves de Terraselecta. Beneficio neto de 21 M€ en 2024.;desconocido;desconocido;equity;desconocido;2025-06;-;-;-;-;intro_calida;Ya opera producto agroalimentario propio de marca: los microbrotes premium son una extension natural de esa cartera con margen bruto del 74-77%.;Sin programa de inversion en startups documentado. Peso dominante de inmobiliario y energia. Galicia.;ninguno;41;C;media;https://capital.es/empresas/inveravante-de-la-familia-jove-obtiene-21-millones-en-2024-un-16-menos-que-el-ano-anterior/138992/;https://www.ejeprime.com/empresa/inveravante-coloca-a-su-director-financiero-al-frente-y-nombra-presidentes-a-los-hijos-de-jove;2026-09-21;nuevo
A5-053+A5-054+A5-055;AgroBank Tech Digital INNovation (CaixaBank);aceleradora;programa de aceleracion de bioeconomia y agroalimentacion del centro tecnologico AINIA con el MAPA;Espana;San Adrian (Navarra);https://www.lamoncloa.gob.es/serviciosdeprensa/notasprensa/agricultura/paginas/2026/290426-planas-sello-innovacion-agroalimentaria.aspx;Programa de aceleracion agroalimentaria de AgroBank (CaixaBank) desarrollado con el Ministerio de Agricultura, dentro del conjunto de programas que han apoyado a mas de 150 startups.;Uno de los programas ministeriales que han apoyado a mas de 150 startups agroalimentarias. CNTA es ademas socio del programa Spain Foodtech de Eatable Adventures.;0;0;desconocido;si;2026-04;-;-;-;-;formulario_web;Validacion tecnica de un centro tecnologico alimentario y puente hacia el programa Spain Foodtech de Eatable Adventures, que si invierte.;NO PONE TICKET DE INVERSION: es aceleracion, premios y visibilidad. CaixaBank ya figura en el pipeline de Rootflow. El valor real es la relacion bancaria, no el capital.;ninguno;40;C;media;https://www.lamoncloa.gob.es/serviciosdeprensa/notasprensa/agricultura/paginas/2026/290426-planas-sello-innovacion-agroalimentaria.aspx;-;2026-09-21;ya_identificado
A3-015;Banca March - servicio de Coinversion;banca;banca privada de la familia March con modelo de coinversion junto a clientes y empresas familiares;España;Madrid y Palma;https://www.bancamarch.es/;Banca privada especializada en empresa familiar cuyo modelo diferencial es la coinversion: invierte su propio balance junto al de sus clientes en los mismos vehiculos.;Su base de clientes son empresas familiares espaniolas, muchas de ellas agroalimentarias. Producto de Coinversion explicitamente listado en su catalogo de soluciones de inversion.;desconocido;desconocido;equity|deuda;desconocido;2026-06;-;-;-;-;intro_calida;Su red de clientes de empresa familiar es la puerta natural a family offices con origen agro que buscan activos reales espanioles con retorno contractual.;No invierte en startups seed de forma directa. Sus vehiculos de coinversion son de tamanio medio. Acceso solo via banquero privado.;ninguno;40;C;alta;https://www.bancamarch.es/;https://www.bancamarch.es/;2026-09-21;nuevo
A5-042;Big Idea Ventures;vc;inversor pre-seed global en proteina alternativa e ingredientes, con programa de aceleracion;Estados Unidos;Nueva York;https://f4.fund/firms/big-idea-ventures;Inversor de fase muy temprana en proteina alternativa, ingredientes y tecnologia alimentaria, con New Protein Fund I (50 M USD, mas de 100 companias) y Global Food Innovation Fund II en despliegue.;Socios estrategicos industriales: AAK, Avril, Bel, Buhler, Givaudan, Meiji, Temasek y Tyson Ventures. Cohortes anunciadas en 2025. Hub europeo en Paris.;desconocido;desconocido;equity;si;-;Andrew D. Ive;Founder and General Partner;-;-;formulario_web;Inversor global muy activo en cheques de fase pre-seed alimentaria con socios industriales de primer nivel.;Tesis exclusiva de PROTEINA ALTERNATIVA, ingredientes y fermentacion: un productor de microbrotes frescos esta fuera de su mandato. Programa de cohorte y equity. Ticket unitario no publicado (New Protein Fund I: 50 M USD entre mas de 100 companias). Sin operaciones en Espana verificadas.;ninguno;40;C;media;https://f4.fund/firms/big-idea-ventures;https://www.crunchbase.com/organization/big-idea-ventures;2026-09-21;nuevo
A5-009;Bimbo Ventures (Grupo Bimbo);cvc;corporate venture capital de grupo panificador global, hub en Europa;Mexico;Ciudad de Mexico;https://grupobimbo.com/es/ventures;CVC de Grupo Bimbo creado en 2017. Invierte en minoritario y hace pilotos y pruebas de concepto en foodtech, ingredientes, automatizacion, cadena de suministro y logistica.;Ticket medio declarado de 300.000 a 1.000.000 USD. Partner corporativo del programa Raices 2026 de Eatable Adventures, que da acceso a startups agrifoodtech espanolas y latinoamericanas.;300000;1000000;equity;si;-;-;-;-;-;formulario_web;Acceso a canal industrial y a pilotos, via de entrada natural a traves del programa Raices de Eatable Adventures.;TICKET MINIMO ~300 k USD, 3x la ronda privada completa. Foco en panificacion, ingredientes y automatizacion, no en producto fresco. Decision corporativa lenta y fuera de Espana.;ninguno;40;C;media;https://www.descubre.vc/bimbo-ventures;https://grupobimbo.com/es/ventures;2026-09-21;nuevo
A2-059;Ekonoke;cadena_valor;operador CEA de cultivo hidroponico en entorno controlado;Espana;Madrid;https://www.ekonoke.com/;Empresa madrilena fundada en 2016 especializada en cultivo hidroponico de lupulo en entorno 100 por cien controlado, con mas de 4 millones de euros levantados y SIEMENS como socio tecnologico oficial.;Opera una granja indoor piloto bajo contrato a 20 anos que suministra lupulo para produccion de cerveza en el noroeste de Espana. Planea levantar financiacion a comienzos de 2027 para escalar a una instalacion de 10.000 m2.;desconocido;desconocido;desconocido;desconocido;2026-09;Ines Sagrario;CEO y cofundadora;https://es.linkedin.com/company/ekonoke;-;intro_calida;Par CEA madrileno que no compite en categoria: fuente de intros a sus propios inversores y de aprendizaje sobre contratos de suministro a largo plazo.;No es inversora, es startup en busca de capital. El valor es de red y de referencia, no de ticket.;ninguno;40;C;alta;https://agfundernews.com/ekonoke-harnesses-indoor-hops-farming-to-safeguard-beer-brewers-supply-chains;https://sifted.eu/articles/spain-farming-startup-climate-hops;2026-09-21;nuevo
A2-028;El Corte Ingles Club del Gourmet;cadena_valor;retail gourmet nacional;Espana;Madrid;https://www.elcorteingles.es/club-del-gourmet-el-corte-ingles/club-del-gourmet/;Division gourmet de El Corte Ingles con 65 espacios en Espana y dos en Portugal, aliada con cerca de 1.000 proveedores nacionales e internacionales y mas de 4.000 productos.;Nueve Gourmet Experience y oferta destacada de frescos con fruteria a granel en la que convergen referencias locales con marcas nacionales e internacionales.;desconocido;desconocido;desconocido;desconocido;2026-09;-;-;-;-;formulario_web;Referencia de marca y volumen: homologacion como proveedor de frescos premium abre 65 espacios, aunque el valor es comercial y no de capital.;Gran corporacion: homologacion larga, condiciones de pago duras y ninguna practica conocida de invertir en proveedores pequenos.;ninguno;40;C;alta;https://www.elcorteingles.es/club-del-gourmet-el-corte-ingles/club-del-gourmet/;https://www.foodretail.es/horeca/el-corte-ingles-aniversario-club-del-gourmet_0_1771022899.html;2026-09-21;nuevo
A2-054;Germinarte;cadena_valor;productor y distribuidor de microgreens y flores comestibles;Espana;Espana;https://germinarte.es/;Productor espanol de microgreens, flores comestibles y mini verduras para chefs, restaurantes y distribuidores gourmet de toda Europa, con cosecha diaria en invernadero propio.;Trabaja con distribuidores del canal horeca, tiendas gourmet, mayoristas y plataformas de exportacion. Ha desarrollado packaging de brote vivo para alargar la frescura.;desconocido;desconocido;desconocido;desconocido;2026-09;-;-;-;-;email_generico;Competidor directo con red de distribucion europea: candidato a adquirente estrategico o a acuerdo de complementariedad por zona antes que a inversor.;Competidor directo en la misma categoria. Riesgo de fuga de informacion comercial. Requiere NDA antes de cualquier conversacion.;competidor;40;C;alta;https://germinarte.es/wholesale-supply/;https://germinarte.es/distribucion-horeca/proveedor-de-microgreens-distribucion-horeca/;2026-09-21;nuevo
A2-058;Groots Urban Farming;cadena_valor;operador de agricultura vertical de aromaticas y hoja;Espana;Espana;https://www.groots.eco/;Especialista en agricultura vertical que opera una de las mayores granjas verticales urbanas de Espana produciendo hierbas aromaticas y hoja con sistema hidroponico que ahorra mas del noventa por ciento de agua.;Cerro ronda de financiacion y proyecto de construir siete centros de produccion hasta 2026 segun Alimarket.;desconocido;desconocido;desconocido;desconocido;2025-06;-;-;-;-;evento;Par directo en CEA con acceso a capital: candidato a coinversion, a consolidacion o a compartir aprendizajes de escalado de nave.;Competidor parcial en aromaticas y hoja. Su plan de siete centros lo convierte mas en rival que en inversor.;competidor;40;C;alta;https://www.alimarket.es/alimentacion/noticia/377646/la-especialista-en-agricultura-vertical-groots-cierra-ronda-y-proyecta-construir-siete-centros-de-produccion-hasta-2026;https://www.groots.eco/;2026-09-21;nuevo
A2-042;Pelemix Espana;cadena_valor;fabricante de sustratos de fibra de coco;Espana;Alhama de Murcia;http://pelemixspain.com/;Fabricante de sustratos agricolas profesionales en su planta de Alhama de Murcia, con sustratos 100 por cien coco o mezclados con turba, perlita o fertilizante a medida del cliente.;Planta industrial propia en Murcia y sustratos a medida por cliente. Miembro de APTYS.;desconocido;desconocido;desconocido;desconocido;2026-09;-;-;-;-;email_generico;Sustrato a medida para microbrote y Rootflow como referencia CEA en Madrid para su fuerza comercial.;Filial de grupo internacional de fibra de coco. Ninguna evidencia de inversion en clientes.;ninguno;40;C;media;http://pelemixspain.com/sustratos-profesionales/;https://macetasysustratos.com/aptys/;2026-09-21;nuevo
A6-031;CESGAR (Confederación Española de Sociedades de Garantía Recíproca);publico_coinversor;confederación de las 18 SGR españolas;España;Madrid;https://cesgar.es;Asociación sin ánimo de lucro creada en 1980 que coordina y representa a las SGR españolas. Las 18 SGR inyectaron 3.083 M€ en 2025 mediante 25.074 avales y prevén más de 3.300 M€ en 2026.;Sus SGR socias avalan de forma masiva al sector primario y agroalimentario en toda España.;desconocido;desconocido;deuda;si;2026-06;-;-;-;-;formulario_web;No financia, pero su directorio es la puerta de entrada ordenada a todas las SGR y a las líneas bonificadas por comunidad autónoma.;No es financiador. Solo sirve como directorio y vía de introducción.;ninguno;39;C;alta;https://cesgar.es/sgr/;https://cesgar.es/las-sociedades-de-garantia-facilitan-1-695-millones-de-euros-a-pymes-y-autonomos-hasta-junio-de-2026-un-83-mas-que-el-ano-anterior/;2026-09-21;nuevo
A4-038+A6-008;BDKapital (Business Dream Factory PSFP CNMV numero 23);crowdfunding;proveedor de servicios de financiacion participativa;Espana;Espana;https://www.bdkapital.es/;Proveedor de servicios de financiacion participativa autorizado por la CNMV en abril de 2024.;No se ha verificado cartera agro ni food especifica.;desconocido;desconocido;equity|deuda;desconocido;2024-04;-;-;-;-;formulario_web;Plataforma regulada reciente que busca dealflow: una pyme productiva con ventas y pipeline es un activo atractivo para su catalogo.;Web con contenido publico casi nulo en la verificacion. Sin evidencia de operaciones cerradas.;ninguno;38;C;baja;https://www.cnmv.es/portal/consultas/servicios-financiacion-participativa/listado-proveedores?lang=es;https://www.bdkapital.es/;2026-09-21;nuevo
A5-051+A5-052;CDTI Innvierte (SICC);publico_coinversor;programa de coinversion publica del CDTI en capital riesgo;Espana;Madrid;https://www.webcapitalriesgo.com/agrosingularity-cierra-una-ronda-de-e1m-liderada-por-tech-transfer-agrifood-tokavi-activos-y-equity4good-ship2b/;Vehiculo inversor que colidero junto a Tech Transfer Agrifood y Equity4Good la ronda de 1 M EUR de Agrosingularity. Naturaleza juridica y tesis no verificadas en fuentes publicas.;Coinversor en la ronda seed de Neboda Farms (agricultura vertical, julio 2025) y en operaciones junto al fondo Mondragon de Clave Capital.;desconocido;desconocido;equity;si;2025-07;-;-;-;-;formulario_web;Coinversor privado con apetito demostrado por agrifood espanol y tickets compatibles con una ronda de 1 M EUR repartida entre tres.;NUNCA LIDERA: exige un inversor privado acreditado que valide la operacion, y ese es justamente el cuello de botella de Rootflow. CDTI ya figura en el pipeline. Plazos administrativos largos.;ninguno;38;C;media;https://www.alimarket.es/alimentacion/noticia/411862/neboda-levanta-1-8-m--para-consolidar-su-produccion-en-agricultura-vertical-a-escala-preindustrial;https://www.webcapitalriesgo.com/el-cdti-invierte-junto-al-fondo-mondragon-clave-capital-en-naru-intelligence-solutions/;2026-09-21;nuevo
A4-047;Cresor (Stockcrowd Platform PSFP CNMV numero 19);crowdfunding;crowdlending inmobiliario y empresarial autorizado por la CNMV;Espana;Barcelona;https://www.cresor.com/;Plataforma autorizada por la CNMV de crowdlending inmobiliario y empresarial con inversion desde 250 euros en proyectos seleccionados.;Foco mayoritario en proyectos inmobiliarios, con linea empresarial complementaria.;desconocido;desconocido;deuda;si;2026-09;-;-;-;-;formulario_web;Su linea empresarial podria financiar la adaptacion de la nave del sur de Madrid como operacion de deuda garantizada por flujos.;Foco predominante inmobiliario. Solo deuda. Encaje bajo con una ronda de fondos propios.;ninguno;38;C;media;https://www.cnmv.es/portal/consultas/servicios-financiacion-participativa/listado-proveedores?lang=es;https://www.cresor.com/es;2026-09-21;nuevo
A4-043+A6-012;Crowdfunding Bizkaia PSFP S.L.;crowdfunding;plataforma publica de financiacion participativa de Bizkaia CNMV numero 14;Espana;Bilbao;https://crowdfundingbizkaia.com/;Plataforma CNMV nº14 impulsada por la Diputación Foral de Bizkaia. Presta a empresas del territorio mediante préstamos colectivos avalados al 100 % por una SGR.;Financia empresas vizcaínas vinculadas a innovación y sostenibilidad. Sin cartera agro verificada.;desconocido;desconocido;equity|deuda;si;2026-09;-;-;-;-;formulario_web;Modelo de referencia: crowdlending público con aval SGR al 100 %. Útil como precedente para proponer lo mismo a Avalmadrid, no como financiador directo.;Solo financia empresas de Bizkaia: Rootflow no es elegible. Se incluye como referencia de modelo, no como inversor accesible.;ninguno;38;C;alta;https://crowdfundingbizkaia.com/es/;https://www.cnmv.es/portal/consultas/servicios-financiacion-participativa/listado-proveedores?lang=es;2026-09-21;nuevo
A5-020;GoHub Ventures (Global Omnium);cvc;corporate venturing deeptech de grupo del agua, primer deep tech hub de Espana;Espana;Valencia;https://gohubventures.medium.com/gohub-launches-the-global-water-challenge-up-to-3m-of-investment-in-each-startup-for-the-best-ab28810ef11f;Hub de innovacion abierta y corporate venturing de Global Omnium, creado en 2019, con foco en agua, industria 4.0 y smart cities. The Global Water Challenge ofrece hasta 3 M EUR por startup.;Global Omnium es una de las cinco mayores companias de agua del mundo. Las seleccionadas desarrollan un caso de uso remunerado dentro del grupo. Partners: IBM, Tech Barcelona y ACCIO.;desconocido;3000000;equity;si;-;-;-;-;-;formulario_web;El argumento de eficiencia hidrica radical de la hidroponia frente a la agricultura convencional conecta con su tesis del agua.;TICKET DE 0,5 a 3 M EUR y tesis deeptech: buscan proveedores de TECNOLOGIA del agua, no usuarios eficientes de agua. Rootflow no vende tecnologia hidrica. Encaje inversor muy bajo.;ninguno;38;C;alta;https://www.iagua.es/noticias/global-omnium/gohub-lanza-the-global-water-challenge-eu3m-inversion-startup-desafios-agua;https://gohubventures.medium.com/gohub-launches-the-global-water-challenge-up-to-3m-of-investment-in-each-startup-for-the-best-ab28810ef11f;2026-09-21;nuevo
A2-029;Grupo Gourmets;cadena_valor;editorial gastronomica y organizador del Salon Gourmets;Espana;Madrid;https://www.gourmets.net/;Primera empresa editora gastronomica de Espana fundada en 1976 en Madrid, organizadora del Salon Gourmets, la feria de alimentacion y bebidas de calidad de referencia en Europa.;Ecosistema formado por Club de Gourmets, Guia Vinos Gourmets, Club Vinos Gourmets y el Salon Gourmets, cuya 40 edicion se celebra del 26 al 29 de abril de 2027 en IFEMA Madrid. En 2026 cerro con 110.154 visitantes.;desconocido;desconocido;desconocido;desconocido;2026-04;-;-;https://es.linkedin.com/company/grupo-gourmets;-;evento;Plataforma de visibilidad y prescripcion ante distribucion gourmet y horeca. Via de acceso masiva a compradores en Salon Gourmets 2027.;Editorial y ferial: no es inversora. Valor exclusivamente de canal y notoriedad.;ninguno;38;C;alta;https://www.gourmets.net/salon-gourmets/datos-de-interes-en;https://www.vinetur.com/2026041699115/salon-gourmets-cierra-con-110154-visitantes-y-mira-ya-a-2027.html;2026-09-21;nuevo
A5-027;Impact Bridge (IB Deuda Impacto Espana);deuda_alternativa;mayor fondo de deuda de impacto de Espana, 147 M EUR, impulsado por el FEI y MicroBank;Espana;Madrid;https://www.impactbridge.com/;Fondo cerrado de deuda privada para pymes con impacto social en Espana (mas del 85%) y Portugal, con foco en preservacion de capital. Objetivo de financiar unos 40 proyectos.;Lineas de impacto declaradas: inclusion, DESARROLLO RURAL, clima y medio ambiente e igualdad. Respaldado por el FEI via InvestEU, MicroBank y el Fondo de Impacto Social de Cofides (30 M EUR).;desconocido;desconocido;deuda;si;-;-;-;-;-;formulario_web;Es deuda, no equity: el instrumento correcto. Y el desarrollo rural y el clima son sus lineas de impacto declaradas.;TAMANO MEDIO POR OPERACION ~3,7 M EUR (147 M EUR entre unos 40 proyectos): 37x la ronda de Rootflow. Financia pymes consolidadas, no companias de 183 k EUR de facturacion. Instrumento perfecto, escala imposible.;ninguno;38;C;alta;https://www.fundssociety.com/es/noticias/alternativos/impact-bridge-supera-los-147-millones-de-euros-en-compromisos-en-el-fondo-ib-deuda-impacto-espana-impulsado-por-el-fei-y-microbank/;https://www.impactbridge.com/;2026-09-21;nuevo
A3-014;Instituto de la Empresa Familiar;family_office;asociacion de grandes empresas familiares y red de asociaciones territoriales - canal de acceso;España;Madrid y Barcelona;https://www.iefamiliar.com/;Asociacion que agrupa a las principales empresas familiares espaniolas, con red de asociaciones territoriales, Forum Familiar de Jovenes y red de catedras universitarias.;Entre sus asociados hay numerosos grupos agroalimentarios y familias con origen agrario, que son precisamente el perfil objetivo de esta busqueda.;0;0;desconocido;desconocido;2026-06;-;-;-;-;evento;Canal para llegar a familias con origen agroalimentario a traves del Forum Familiar de Jovenes y las asociaciones territoriales, donde decide la siguiente generacion.;NO ES UN INVERSOR: no invierte ni intermedia operaciones. Solo sirve como canal de acceso y eventos. Acceso restringido a asociados.;ninguno;38;C;alta;https://www.iefamiliar.com/;https://www.iefamiliar.com/;2026-09-21;nuevo
A3-024;Orilla Asset Management;family_office;single family office de la familia Riberas (Gestamp y Gonvarri);España;Madrid;https://orillaam.com/;Single family office fundado en 1994 que gestiona el patrimonio de la familia Riberas, con inversiones directas minoritarias en companias y en fondos de PE, VC, deuda privada e infraestructuras.;Sin cartera agroalimentaria documentada. Operaciones recientes en Mundimoto y Consultia Business Travel.;desconocido;desconocido;equity;si;2025-06;-;-;-;-;intro_calida;Invierte como socio minoritario con horizonte largo y sede en Madrid, el perfil exacto que Rootflow necesita, aunque el sector no sea el suyo.;Sin tesis agro ni food. Tickets historicos de varios millones. Acceso solo por intro calida.;ninguno;38;C;alta;https://orillaam.com/en/;https://capital-riesgo.es/en/articles/orilla-asset-management-leads-a-funding-round-in-consultia-business-travel-advised-by-az-capital/;2026-09-21;nuevo
A2-039;Semillas Batlle S.A.;cadena_valor;casa de semillas con gama de germinados;Espana;Barcelona;https://semillasbatlle.com/;Casa de semillas espanola con gama ecologica que incluye quince variedades de brotes y mezclas ecologicas para germinacion.;Linea especifica de semillas para germinados y brotes dentro de su catalogo ecologico.;desconocido;desconocido;desconocido;desconocido;2026-09;-;-;-;-;email_generico;Ya comercializa semilla de brotes: acuerdo de suministro preferente y co-marca con un productor profesional que valida su semilla en cultivo intensivo.;Enfoque muy orientado a huerto y jardin domestico. Capacidad e interes inversor no acreditados.;ninguno;38;C;media;https://semillasbatlle.com/en/ecological-seeds/;https://semillasbatlle.com/en/;2026-09-21;nuevo
A2-035;Serunion (Grupo Elior);cadena_valor;restauracion colectiva lider en Espana;Espana;Barcelona;https://www.serunion.es/;Empresa lider de restauracion colectiva en Espana, integrada en el grupo Elior, con fuerte agenda de innovacion en producto y nutricion.;Proyecto de producto de quinta gama como una de sus principales iniciativas de innovacion y lanzamiento de Nutrilab para habitos saludables en colegios alineado con el RD 315/2025.;desconocido;desconocido;desconocido;desconocido;2026-09;-;-;-;-;evento;Volumen muy alto y agenda de innovacion activa, aunque el encaje real es como cliente de gran formato y no como inversor.;Multinacional con compras centralizadas y precio muy presionado. Microbrotes premium desencajan con su ticket medio por comensal.;ninguno;38;C;media;https://www.serunion.es/es;https://www.aecoc.es/jornadas/serunion-innovacion-que-transforma-la-restauracion-colectiva/;2026-09-21;nuevo
A1-005;Verdifresh S.L.U.;industrial_agro;interproveedor de IV gama de Mercadona;Espana;Cheste (Valencia);https://www.verdifresh.es/;Segundo operador del mercado espanol de IV gama e interproveedor del grupo Mercadona.;Supone mas del 20 por ciento de las ventas del sector de IV gama en Espana segun Alimarket.;desconocido;desconocido;desconocido;desconocido;2026-01;-;-;-;-;formulario_web;Categoria premium para el lineal de Mercadona sin inversion propia en cultivo de interior.;Sistema cerrado de interproveedor: su estrategia la marca Mercadona y no invierte fuera de ese marco. Encaje inversor muy bajo.;ninguno;38;C;alta;https://www.alimarket.es/alimentacion/noticia/251412/el-sector-de-iv-gama-demanda-mas-espacio-en-los-supermercados;https://www.zipmec.eu/es/verdifresh-s-l-u_85321.html;2026-09-21;nuevo
A3-030;Acurio Ventures (ex All Iron Ventures);vc;gestora creada por los fundadores de Ticketbis con origen de family office;España;Bilbao;https://www.acurio.vc/;Gestora early stage fundada por los fundadores de Ticketbis, con 300 M€ bajo gestion y un fondo de 150 M€ anunciado en 2024, que invierte entre 300 k€ y 3 M€ con enfoque generalista.;Sin cartera agroalimentaria documentada.;300000;3000000;equity;si;2024-09;-;-;-;-;formulario_web;Generalista y con decision agil, invierte en consumo y B2B sin verticales cerradas.;Ticket minimo de 300 k€, por encima de la ronda completa de capital privado de Rootflow. Sin foco agro. Bilbao.;ninguno;36;C;alta;https://www.vestbee.com/insights/articles/acurio-ventures-closes-150-m-fund;https://www.eu-startups.com/investor/all-iron-ventures/;2026-09-21;nuevo
A5-013;Draper B1;vc;fondo de capital riesgo deeptech, red Draper Venture Network;Espana;Valencia;https://startupintros.com/orgs/draper-b1;Fondo valenciano de la red Draper centrado en deeptech, con 4 M EUR invertidos durante 2025.;Sin cartera agroalimentaria verificada. Actividad inversora documentada en 2025 pero en deeptech.;desconocido;desconocido;equity;si;2025-12;-;-;-;-;formulario_web;Inversor activo en Espana con red internacional Draper.;Tesis deeptech sin relacion con produccion agricola. Ticket no publicado pero incompatible por perfil con una ronda de 100 k EUR en participativo. Base en Valencia.;ninguno;36;C;media;https://capital-riesgo.es/es/articles/draper-b1-invierte-4-millones-en-deep-tech-durante-2025/;https://startupintros.com/orgs/draper-b1;2026-09-21;nuevo
A3-057;González Byass;family_office;grupo bodeguero familiar de quinta generacion;España;Jerez de la Frontera (Cádiz);https://www.gonzalezbyass.com/;Grupo bodeguero familiar con marcas en jerez, vino, brandy y destilados, con bodegas en varias denominaciones y presencia internacional propia.;Negocio nuclear agroalimentario: viñedo, bodegas y destilados. Capitulo propio de sostenibilidad en su web corporativa.;desconocido;desconocido;equity;desconocido;2026-06;-;-;-;-;evento;Familia agraria de quinta generacion que entiende ciclos de cultivo largos y producto premium para HORECA, canal donde Rootflow ya vende.;Sin evidencia publica de programa de inversion en terceros ni de family office estructurado. Jerez, no Madrid. Es prospeccion en frio.;ninguno;36;C;media;https://www.gonzalezbyass.com/es;https://www.gonzalezbyass.com/es;2026-09-21;nuevo
A5-041;Grey Silo Ventures;vc;fondo agrifood italiano centrado en ingredientes de nueva generacion;Italia;Vicenza;https://www.greysiloventures.com/;Fondo agrifood que hace entre dos y cuatro inversiones al ano en rondas seed o Serie A, con inversion media entre 300.000 y 500.000 EUR, en Europa e Israel.;Foco declarado en ingredientes de nueva generacion para la industria alimentaria europea e israeli. Sin operaciones verificadas en Espana.;300000;500000;equity;si;-;-;-;-;-;formulario_web;Fondo agrifood europeo con ticket relativamente contenido para el estandar VC.;Ticket minimo 300 k EUR, 3x la ronda privada. Tesis de INGREDIENTES, no de produccion hortofruticola. Solo 2-4 inversiones al ano. Sin presencia en Espana.;ninguno;36;C;media;https://www.foodnavigator.com/Article/2022/05/26/Grey-Silo-Meet-the-VC-targeting-next-gen-ingredients-in-Europe-and-Israel/;https://www.greysiloventures.com/;2026-09-21;nuevo
A3-060;Grupo Osborne;family_office;grupo familiar de bebidas y alimentacion con mas de 250 anios;España;El Puerto de Santa María (Cádiz);https://www.osborne.es/;Grupo familiar historico de bebidas y alimentacion, con vinos, brandies, iberico (Cinco Jotas) y restauracion.;Negocio nuclear agroalimentario con division de iberico y de restauracion propia.;desconocido;desconocido;equity;desconocido;2026-06;-;-;-;-;evento;Tiene restauracion propia y producto gourmet: Rootflow es a la vez proveedor potencial y oportunidad de inversion en una categoria premium emergente.;Web corporativa muy limitada. Sin evidencia de vehiculo inversor propio. Verificar relacion con Sherry Ventures antes de duplicar el contacto.;ninguno;36;C;media;https://www.osborne.es/;https://www.osborne.es/;2026-09-21;nuevo
A5-017;Iberdrola Ventures PERSEO;cvc;corporate venture capital de utility electrica, programa de 125 M EUR;Espana;Madrid;https://www.iberdrola.com/about-us/our-innovation-model/international-startup-program-perseo;Programa internacional de startups de Iberdrola con 125 M EUR asignados, de los que 40 M EUR van a su Venture Builder de companias industriales para la transicion energetica.;27 companias invertidas desde 2008 y 35 inversiones registradas, ultima inversion conocida en Barbara (Serie A, febrero 2026). Sin cartera agroalimentaria.;desconocido;desconocido;equity;si;2026-02;-;-;-;-;formulario_web;El coste energetico es la principal palanca de los cultivos de entorno controlado: existe un angulo de eficiencia energetica y contrato de suministro, no de inversion.;TICKET DE ORDEN DE MILLONES y tesis exclusivamente energetica. Rootflow seria cliente, no participada. Comite corporativo largo. Encaje inversor nulo.;ninguno;36;C;alta;https://www.iberdrola.com/press-room/news/detail/iberdrola-ramps-venture-strategy-allocating-million-invest-innovative-industrial-companies-energy-transition;https://www.iberdrola.com/about-us/our-innovation-model/international-startup-program-perseo;2026-09-21;nuevo
A6-048;Oquendo Capital;deuda_alternativa;deuda privada y preferred equity lower-mid market;España;Madrid;https://www.oquendocapital.com;Gestora independiente fundada en Madrid en 2007, pionera de la deuda privada en Europa. Financia pymes del sur de Europa con equity, preferred equity, préstamos PIK, deuda mezzanine y unitranche. Siete fondos, más de 100 inversiones y más de 1.200 M€ invertidos.;Cartera diversificada de empresas familiares del sur de Europa. Sin foco agro declarado.;desconocido;desconocido;deuda|participativo|equity;si;2026-09;-;-;-;-;intro_calida;Instrumentalmente es el perfil ideal, preferred equity y mezzanine sin toma de control en empresa familiar, pero solo a partir de varios millones. Guardar para la ronda de crecimiento posterior al salto de nave.;Fue la gestora más activa en deuda privada en España con diez operaciones, pero su ticket mínimo está en varios millones de euros, órdenes de magnitud por encima de esta ronda. Descartado para 2026.;ninguno;36;C;alta;https://www.oquendocapital.com/;https://www.oquendocapital.com/;2026-09-21;nuevo
A2-046;Signify Iberia (Philips Horticulture LED);cadena_valor;fabricante de iluminacion LED horticola;Paises Bajos;Madrid;https://www.lighting.philips.es/areas-aplicacion/specialist-applications/horticultura;Lider mundial en iluminacion LED horticola con la gama Philips GreenPower y el sistema de control GrowWise, con presencia comercial en Espana.;Proyecto de innovacion LED para Planet Farms, la mayor granja vertical de Europa. Lanzamiento de Philips GrowWise smart spectrum en 2025. Identifica Espana como mercado con ventaja competitiva para iluminacion horticola.;desconocido;desconocido;desconocido;desconocido;2025-09;-;-;-;-;evento;Rootflow como escaparate GrowWise en Madrid: instalacion de referencia CEA visitable para sus prospectos espanoles a cambio de condiciones o aportacion de equipo.;Multinacional cotizada. No invierte tickets de 20-100 k EUR en clientes. Encaje solo como acuerdo de showroom o descuento.;ninguno;36;C;alta;https://www.lighting.philips.es/areas-aplicacion/specialist-applications/horticultura;https://www.lighting.philips.com/application-areas/specialist-applications/horticulture/press-releases/2025/signify-launches-philips-growwise-smart-spectrum;2026-09-21;nuevo
A2-055;Vivegreens;cadena_valor;productor de microbrotes;Espana;Espana;https://vivegreens.es/;Productor espanol de microbrotes frescos con I+D propio, incluido el sistema de terrario ViveWall que alarga la frescura y permite al chef tener hoja viva en cocina.;Desarrollo propio de sistema de conservacion viva ViveWall para cocinas profesionales.;desconocido;desconocido;desconocido;desconocido;2026-09;-;-;-;-;email_generico;Competidor con desarrollo propio de producto vivo: posible socio de complementariedad geografica o adquirente, no inversor financiero.;Competidor directo. Solo tiene sentido con NDA y en clave de consolidacion.;competidor;36;C;media;https://vivegreens.es/;https://www.foodswinesfromspain.com/en/food/articles/2025/january/foodie-flora-;2026-09-21;nuevo
A4-041+A6-007;Adventurees Capital PFP S.L. (Alius Cap);crowdfunding;plataforma de financiacion participativa CNMV numero 11;Espana;Espana;https://www.aliuscap.com/;Plataforma de financiacion participativa autorizada por la CNMV en noviembre de 2023, inscrita bajo la denominacion Adventurees Capital PFP.;No se ha verificado cartera agro ni food especifica.;desconocido;desconocido;equity;desconocido;2023-11;-;-;-;-;formulario_web;Alternativa regulada adicional para un tramo de crowdequity si las plataformas principales no encajan.;La web indicada en el registro de la CNMV no respondia en la fecha de verificacion. Confirmar que sigue operativa antes de contactar.;ninguno;35;C;baja;https://www.cnmv.es/portal/consultas/servicios-financiacion-participativa/listado-proveedores?lang=es;https://www.cnmv.es/portal/consultas/servicios-financiacion-participativa/listado-proveedores?lang=es;2026-09-21;nuevo
A4-040+A6-011;Buecor and Partners PSFP;crowdfunding;proveedor de servicios de financiacion participativa CNMV numero 15;Espana;Espana;https://www.buecor.com/;Plataforma CNMV nº15, armonizada en la UE con pasaporte a Portugal, especializada en bridge loans con tipo fijo y cupón trimestral.;No se ha verificado cartera agro ni food especifica.;500000;5000000;equity|deuda;si;2023-12;-;-;-;-;formulario_web;Plataforma regulada de nicho: util solo como via alternativa si fallan las plataformas principales.;Web protegida contra acceso automatizado y sin informacion publica verificable sobre tesis ni operaciones.;ninguno;35;C;alta;https://www.cnmv.es/portal/consultas/servicios-financiacion-participativa/listado-proveedores?lang=es;https://www.buecor.com/;2026-09-21;nuevo
A3-058;Bodegas Barbadillo;family_office;grupo bodeguero familiar desde 1821 con tres bodegas;España;Sanlúcar de Barrameda (Cádiz);https://www.barbadillo.com/;Grupo bodeguero familiar bicentenario con las bodegas Barbadillo, Pirineos y Vega Real y una gama amplia de vinos, manzanillas, vermut y vinagres.;Negocio nuclear agroalimentario: viñedo y bodega propios en tres denominaciones. Programa de enoturismo y club de socios propio.;desconocido;desconocido;equity;desconocido;2026-06;-;-;-;-;evento;Familia agraria con marca gourmet y canal HORECA propio: Rootflow encaja como producto complementario de alta gama y como inversion tangible.;Sin evidencia de vehiculo inversor ni de operaciones en terceros. Cadiz, no Madrid. Prospeccion en frio.;ninguno;34;C;media;https://www.barbadillo.com/;https://www.barbadillo.com/;2026-09-21;nuevo
A5-022;Creas (Creas Impacto II);impacto;gestora pionera de inversion de impacto en Espana, aprobada por la CNMV;Espana;Madrid;https://creas.es/;Gestora de impacto con mas de 30 M EUR bajo gestion y un segundo fondo, Creas Impacto II, que alcanzo 56 M EUR en diciembre de 2025 con FEI, ICO y Cofides como inversores.;Cartera en educacion, empleo, movilidad, salud mental y moda circular (Trilema, Ironhack, Koa Health, GoTrendier). Sin participadas agroalimentarias. Proximas inversiones anunciadas en residencias, educacion infantil y salud mental.;desconocido;desconocido;equity;si;2025-12;-;-;-;info@creas.es;email_generico;Impacto ambiental medible (agua, KM 0, sustitucion de importacion) en un fondo con capital publico europeo.;Fondo de CRECIMIENTO con traccion probada y tickets de millones: 10x+ la ronda. Foco declarado en impacto social (mayores, educacion, salud), no en agroalimentacion. Comite largo. NO ENCAJA.;ninguno;34;C;alta;https://emprendedores.es/startups/creas-impacto-56-millones-inversion-de-impacto/;https://creas.es/;2026-09-21;nuevo
A2-056;Gourmet Greens;cadena_valor;productor y distribuidor de microgreens y flores comestibles;Espana;La Senia Tarragona;https://www.gourmetgreens.es/;Empresa dedicada a la produccion y distribucion de microgreens y flores comestibles que distribuye a decenas de establecimientos de toda la costa mediterranea.;Cultivo propio de microgreens y trabajo directo con chefs, food designers y nutricionistas.;desconocido;desconocido;desconocido;desconocido;2026-09;-;-;-;-;email_generico;Competidor con cobertura mediterranea y ninguna presencia en Madrid: candidato a acuerdo de reparto territorial o a consolidacion.;Competidor directo. Sin capacidad inversora aparente.;competidor;34;C;alta;https://www.gourmetgreens.es/;https://www.hosply.pro/proveedor/gourmet-greens-la-senia-tarragona-7ce882/;2026-09-21;nuevo
A2-052;INFIA Iberica;cadena_valor;fabricante de envases para frutas y hortalizas;Italia;Espana;https://www.poscosecha.com/infia-iberica/envases-innovadores-y-sostenibles-para-el-sector-hortofruticola;Filial iberica de INFIA, lider mundial en envases para frutas y hortalizas y primer productor europeo de cestas de plastico para el sector hortofruticola.;Gama de tarrinas en PP, PET y R-PET 100 por cien reciclado en capacidades de 125 g a 1.000 g, formatos que coinciden con el rango de 5 a 100 g y packs de distribucion de Rootflow.;desconocido;desconocido;desconocido;desconocido;2026-09;-;-;-;-;evento;Co-desarrollo del formato de tarrina viva para microbrote y visibilidad conjunta en Fruit Attraction 2026 como caso de packaging para una categoria nueva.;Filial de grupo italiano. Proveedor puro, sin perfil inversor.;ninguno;34;C;media;https://www.poscosecha.com/infia-iberica/envases-innovadores-y-sostenibles-para-el-sector-hortofruticola;https://fruittoday.com/packaging-entre-rendimiento-sostenibilidad-y-eficiencia/;2026-09-21;nuevo
A5-045+A6-051;Inveready;venture_debt;gestora de activos alternativos con la mayor plataforma de venture debt de Espana;Espana;San Sebastian;https://inveready.com/strategies/venture-debt/;Gestora alternativa espanola con estrategias de venture capital, venture debt, deuda hibrida y private equity. Constituyo el mayor fondo de venture debt de Espana (100 M EUR) y levanto otro de 50 M EUR.;Vehiculos especializados en financiacion hibrida (deuda y capital) desde 2012 y 2016, y fondo Inveready Venture Finance IV Trainera FCR-Pyme con folleto publicado en 2025. Sin cartera agroalimentaria verificada.;desconocido;desconocido;deuda|participativo;si;2023-09;-;-;-;-;formulario_web;Referencia española en deuda híbrida con kicker. Solo encajaría si Rootflow se posiciona como agtech con el ERP y la capa IoT como activo principal.;Su venture debt se dirige a companias TECNOLOGICAS ya respaldadas por VC, con tickets de cientos de miles a millones. Rootflow no tiene VC detras ni el perfil SaaS que exigen. Encaje practico bajo, instrumento correcto.;ninguno;34;C;alta;https://capital-riesgo.es/es/articles/inveready-levanta-su-tercer-fondo-de-venture-debt-con-50-millones-/;https://inveready.com/strategies/venture-debt/;2026-09-21;nuevo
A6-017;Les Entreprêteurs;crowdfunding;crowdlending a empresas y proyectos territoriales;Francia;París;https://www.lesentrepreteurs.com;Plataforma francesa autorizada por la AMF desde 2016 con más de 200 M€ invertidos, que presta a empresas y proyectos inmobiliarios anclados en el territorio. Registrada en CNMV como proveedor europeo nº16.;No se ha localizado cartera española ni agroalimentaria.;desconocido;desconocido;deuda;si;2026-09;-;-;-;-;formulario_web;Historia de producción local y arraigo territorial encaja con su relato, pero solo si abren originación en España.;Originación concentrada en Francia y peso alto de inmobiliario. Pasaporte a España sin evidencia de operaciones españolas.;ninguno;34;C;media;https://www.cnmv.es/portal/consultas/servicios-financiacion-participativa/listado-proveedores-europeos?lang=es;https://www.lesentrepreteurs.com/;2026-09-21;nuevo
A3-026;Mirai Investments;family_office;proyecto de inversion de capital familiar buy hold and develop;España;-;-;Proyecto de inversion y desarrollo empresarial de capital familiar fundado en 2019, centrado en la adquisicion de empresas industriales consolidadas con potencial de mejora.;Listado en el directorio de Capital-Riesgo como inversor family office en el sector Alimentacion y Bebidas, entre otros sectores industriales.;desconocido;desconocido;equity;no;2025-06;-;-;-;-;formulario_web;Interes declarado en alimentacion y bebidas y vocacion de permanencia a largo plazo.;Estrategia buy hold and develop sobre empresas ya potentes: no invierte en seed y busca control. Ciudad y web no confirmadas.;ninguno;34;C;media;https://capital-riesgo.es/es/directory/mirai+investments/;https://capital-riesgo.es/es/directory?category=inversores-family-office-en-sector-alimentaci%C3%B3n-y-bebidas;2026-09-21;nuevo
A2-051;Netafim Iberia;cadena_valor;tecnologia de riego de precision y fertirrigacion;Israel;Riba-roja de Turia Valencia;https://www.netafim.com/;Lider mundial en riego por goteo y el mayor proveedor de sistemas de dosificacion y fertirrigacion, con soluciones para cultivos protegidos y presencia industrial en Valencia.;Soluciones de riego y fertirrigacion para cultivos protegidos en mas de 110 paises, con planta en Riba-roja de Turia.;desconocido;desconocido;desconocido;desconocido;2026-09;-;-;-;-;evento;Socio tecnico de fertirrigacion para el escalado a 2.900 kg mes, con Rootflow como caso de uso CEA urbano en su argumentario de eficiencia hidrica.;Multinacional propiedad de Orbia. Sin encaje como inversor de ticket pequeno.;ninguno;34;C;alta;https://www.netafim.com/en/products-and-solutions/protected-crops/;https://www.netafim.com/en/;2026-09-21;nuevo
A3-025;Nortia Capital;family_office;holding de inversion de Manuel Lao;España;Madrid y Barcelona;https://nortia.com/;Holding patrimonial de Manuel Lao con areas de inmobiliario e infraestructuras, tecnologia, energias renovables y agua, y apoyo a fondos que invierten en pymes espanolas.;Inversiones en agua (Aguas de Navarra, agua en Chile) y renovables. Sin cartera agroalimentaria documentada.;desconocido;desconocido;equity;desconocido;2025-06;-;-;-;-;intro_calida;Tesis de sostenibilidad y agua: el ahorro hidrico de la hidroponia de precision es su argumento, no el microbrote.;Grandes tickets y foco en socimis, infraestructuras y hoteles. Sin actividad seed documentada.;ninguno;34;C;media;https://nortia.com/areas-de-inversion/;https://www.elnacional.cat/oneconomia/es/empresas/manuel-lao-nortia-gana-69-millones-inversiones_1365962_102.html;2026-09-21;nuevo
A5-019;Repsol Impacto Social;impacto;vehiculo de inversion de impacto social con dotacion de 50 M EUR;Espana;Madrid;https://emprendedores.es/ayudas/aceleradoras-incubadoras/fundacion-repsol/;Vehiculo de inversion de impacto de Repsol con 50 M EUR, presentado como la mayor inversion social vinculada a la lucha contra el cambio climatico en Espana.;Participaciones en Grupo Sylvestris (reforestacion), Koiki, GNE Finance, SAEMA y Recycling4all. Sin participadas de produccion agroalimentaria.;desconocido;desconocido;equity;si;-;-;-;-;-;formulario_web;Impacto ambiental y empleo local, el ahorro de agua y el KM 0 son argumentos alineados con su tesis.;Su tesis exige impacto social medible sobre colectivos vulnerables (empleo inclusivo, transicion justa). Tickets no publicados pero cartera de empresas mucho mayores. Sin evidencia de operaciones de 100 k EUR.;ninguno;34;C;media;https://emprendedores.es/ayudas/aceleradoras-incubadoras/fundacion-repsol/;-;2026-09-21;nuevo
A3-061;Sherry Ventures;vc;vehiculo de inversion de industriales del entorno de Jerez;España;Cádiz;https://sherry.ventures/;Vehiculo fundado en 2021 por industriales e inversores con experiencia tecnologica, que declara haber invertido 250 M€ en tres anios en companias de innovacion y tecnologia.;Sin cartera agroalimentaria documentada: foco B2B y B2B2C tecnologico. Portfolio con Wallbox, Hastee y FacePhi.;desconocido;desconocido;equity;si;2025-06;-;-;-;-;formulario_web;Origen empresarial jerezano y sensibilidad al producto de la tierra, aunque su tesis declarada es tecnologica.;Tesis tecnologica sin encaje agro. Ya figura en la lista de identificados de Alhambra Venture: no cuenta como nuevo.;ninguno;33;C;alta;https://sherry.ventures/;https://www.eu-startups.com/investor/sherry-ventures/;2026-09-21;ya_identificado
A6-050;Tresmares Capital;deuda_alternativa;direct lending y capital a pymes en crecimiento;España;Madrid;https://tresmarescapital.com;Plataforma española de financiación alternativa a pymes de alto crecimiento, una de las más activas del mercado de deuda privada español junto con Oquendo y Muzinich.;No verificada en detalle.;desconocido;desconocido;deuda|equity;si;2026-09;-;-;-;-;intro_calida;Referencia de mercado para la fase de crecimiento posterior, no para esta ronda.;No se ha podido acceder a su web desde nuestro entorno. Tickets de direct lending muy por encima del rango de Rootflow. Confianza media.;ninguno;33;C;media;https://www.eleconomista.es/empresas-finanzas/noticias/11557583/01/22/Los-fondos-de-deuda-ganan-cuota-a-la-banca-en-la-financiacion-a-pymes.html;https://tresmarescapital.com/;2026-09-21;nuevo
A3-059;Vins i Caves Perelada (familia Suqué Mateu);family_office;grupo familiar vitivinicola y de ocio del Emporda;España;Peralada (Girona);https://www.perelada.com/;Grupo familiar con mas de seis siglos de tradicion vinicola, nueva bodega, viñedos propios, I+D declarado y el complejo Peralada Resort.;Negocio nuclear agroalimentario: vinos de finca y cavas con viñedo propio y area declarada de Filosofia I+D.;desconocido;desconocido;equity;desconocido;2026-06;Javier Suqué;Presidente;-;-;evento;Familia agraria con area de I+D propia y complejo hotelero: doble angulo como inversor y como cliente HORECA premium.;Sin evidencia de programa de inversion en terceros. Girona, no Madrid. Prospeccion en frio.;ninguno;33;C;media;https://www.perelada.com/;https://www.perelada.com/;2026-09-21;nuevo
A2-053;ITC Packaging;cadena_valor;fabricante de envases para IV gama;Espana;Ibi Alicante;https://www.itc-packaging.com/;Fabricante espanol de envases con gama especifica para fruta, verdura y producto de IV gama.;Linea de envases estandar para fruta verdura y IV gama en su catalogo corporativo.;desconocido;desconocido;desconocido;desconocido;2026-09;-;-;-;-;email_generico;Proveedor de envase para el formato monodosis de emplatado y los packs de distribucion, con desarrollo conjunto de una bandeja viva diferencial.;Proveedor industrial sin perfil inversor. Encaje bajo con la tesis de la ronda.;ninguno;32;C;media;https://www.itc-packaging.com/es/envases-estandar/fruta-verdura-iv-gama/;https://fruittoday.com/packaging-entre-rendimiento-sostenibilidad-y-eficiencia/;2026-09-21;nuevo
A5-048;Karmen;deuda_alternativa;plataforma francesa de revenue based financing;Francia;Paris;https://www.karmen.io/en/revenue-based-financing;Plataforma francesa de revenue based financing fundada en 2021 que financia a tipo fijo sin dilucion y con desembolso en 48 horas.;Dirigida a empresas con estructura de ingresos recurrentes y modelos de suscripcion. Sin cartera agroalimentaria.;desconocido;desconocido;revenue_share|deuda;si;-;-;-;-;-;formulario_web;Sin dilucion, tipo fijo y desembolso en 48 horas.;Exige INGRESOS RECURRENTES tipo suscripcion, Rootflow vende pedidos recurrentes pero no contratos de suscripcion. Sin presencia comercial verificada en Espana. No genera fondos propios.;ninguno;32;C;media;https://www.karmen.io/en/revenue-based-financing;-;2026-09-21;nuevo
A2-057+A2-062;Microgreens Cultivo Gourmet;cadena_valor;productor de microbrotes microverduras y flores comestibles;Espana;Espana;https://www.hosply.pro/proveedor/microgreens-cultivo-gourmet-espana-683fb3/;Directorio profesional de proveedores horeca con fichas por ciudad y categoria, incluida la de microgreens, y 59 proveedores verificados listados en Madrid con distintivos como KM0.;Lista y clasifica proveedores horeca de Madrid incluyendo productores de microgreens y distribuidores de fresco.;desconocido;desconocido;desconocido;desconocido;2026-09;-;-;-;-;email_generico;Canal de captacion de leads horeca en Madrid y mapa actualizado de competidores y distribuidores de la categoria.;Competidor directo y con mas historia que Rootflow. Informacion corporativa publica limitada.;competidor;32;C;alta;https://www.hosply.pro/proveedor/microgreens-cultivo-gourmet-espana-683fb3/;https://germinarte.es/distribucion-horeca/que-son-los-microgreens/;2026-09-21;nuevo
A3-016;Nexen Capital;family_office;asesor de fundraising con red de family offices espanioles - canal de acceso;España;Barcelona;https://nexencapital.com/;Firma de asesoramiento en fundraising que mantiene un mapa de family offices espanioles activos y sus criterios de inversion, con tickets declarados desde 50 k€.;Mantiene un listado de family offices espanioles activos por sector y fase, incluyendo perfiles de impacto y consumo.;50000;desconocido;desconocido;desconocido;2026-06;-;-;-;-;formulario_web;Acceso rapido a un mapa actualizado de family offices que si hacen tickets desde 50 k€, el rango exacto de la ronda de Rootflow.;NO ES UN INVERSOR: es un asesor y su listado completo esta detras de un formulario de captacion de leads. Verificar independientemente cualquier nombre que faciliten.;ninguno;32;C;media;https://nexencapital.com/blog/top-100-family-offices-en-espana/;https://nexencapital.com/;2026-09-21;nuevo
A3-048;Advisors AM;family_office;multi family office independiente con oficinas en Madrid, Barcelona y Valencia;España;Madrid;https://advisorsam.com/;Multi family office independiente que acompana a familias empresarias y grandes patrimonios integrando inversion, fiscalidad, sucesion y gobierno familiar.;Sin cartera agroalimentaria documentada.;desconocido;desconocido;desconocido;desconocido;2026-06;-;-;-;-;formulario_web;Puede colocar la operacion entre familias clientes atraidas por la deduccion autonomica de Madrid y la Ley 28/2022 de Empresa Emergente.;Es asesor, no inversor: no decide ni compromete capital propio. Fuerte sesgo inmobiliario y hotelero.;ninguno;31;C;alta;https://advisorsam.com/es/family-office-madrid/;https://advisorsam.com/es/family-office-madrid/;2026-09-21;nuevo
A6-034;CERSA (Compañía Española de Reafianzamiento S.A.);publico_coinversor;reafianzamiento público de las SGR;España;Madrid;https://www.cersa-sme.es;Sociedad pública que reafianza los avales concedidos por las SGR españolas, con programas de la UE y del Fondo Europeo de Inversiones, facilitando que pymes y autónomos obtengan financiación.;Reafianza operaciones de todos los sectores canalizadas por las 18 SGR.;desconocido;desconocido;deuda;si;2026-09;-;-;-;-;desconocida;No se contacta directamente, pero explica por qué Avalmadrid puede asumir el riesgo de una empresa constituida en marzo de 2026: su aval está reafianzado por CERSA y por el FEI.;No financia ni avala directamente a la empresa. Es contraparte de las SGR, no de Rootflow.;ninguno;31;C;alta;https://www.cersa-sme.es/;https://www.cersa-sme.es/;2026-09-21;nuevo
A3-049;Diaphanum Valores;family_office;EAF independiente con division de inversiones iliquidas;España;Madrid;https://www.diaphanum.es/;Firma de asesoramiento financiero independiente con oficinas en Madrid, Barcelona, Bilbao, Alicante, Murcia, Burgos y Vigo, con linea especifica de inversiones iliquidas y real estate.;Sin cartera agroalimentaria documentada.;desconocido;desconocido;desconocido;desconocido;2026-09;-;-;-;-;formulario_web;Su linea de inversiones iliquidas es el formato natural para un prestamo participativo con kicker y TIR objetivo del 33%.;Es asesor independiente, no inversor directo. La decision final es de cada cliente. Sin tesis agro.;ninguno;31;C;alta;https://www.diaphanum.es/;https://www.diaphanum.es/;2026-09-21;nuevo
A3-046+A6-049;Talde Gestión SGEIC (Talde Deuda Alternativa);deuda_alternativa;gestora vasca de capital privado y deuda privada con base de inversores familiares;España;Bilbao;https://www.talde.com/;Área de deuda privada de Talde que concede deuda senior a medida a pymes con equipos directivos sólidos que necesitan recursos para crecer. Talde Deuda Alternativa FILPE cerró 75 M€ y Talde Deuda Alternativa II FILPE acumula 81 M€ en su cuarto cierre.;Foco en sectores en crecimiento con estrategias de consolidación y build-up. Sin foco agro declarado.;desconocido;desconocido;equity|deuda;si;2026-06;-;-;-;-;formulario_web;Uno de los primeros fondos de deuda privada domiciliados en España. Candidato para financiar el segundo centro de producción cuando Rootflow facture más de 1 M€.;Dimensiona sus operaciones para pymes consolidadas con EBITDA positivo de varios millones. Rootflow tiene EBITDA negativo en Año 1. Fuera de rango hoy.;ninguno;31;C;alta;https://www.talde.com/;https://www.talde.com/;2026-09-21;nuevo
A3-050;Abante Asesores;banca;gestora y asesora con division especifica de Grupos Familiares;España;Madrid;https://www.abanteasesores.com/;Firma independiente de asesoramiento financiero y gestion de inversiones con division especifica para Grupos Familiares y producto de inversiones alternativas.;Sin cartera agroalimentaria documentada.;desconocido;desconocido;desconocido;desconocido;2026-09;-;-;-;-;formulario_web;Su division de Grupos Familiares es una puerta a varios family offices madrilenos con un solo interlocutor.;Es asesor, no inversor directo. Producto alternativo canalizado via fondos, no via operaciones individuales de 100 k€.;ninguno;30;C;alta;https://www.abanteasesores.com/;https://www.abanteasesores.com/;2026-09-21;nuevo
A5-043;AgFunder;vc;fondo global agrifoodtech y medio de referencia del sector (AgFunder News);Estados Unidos;San Francisco;https://agfunder.com/;Gestora global de venture capital en agrifoodtech que invierte desde pre-seed en IA, biotecnologia, robotica, clima y materiales, y publica el informe de referencia del sector.;Lider global junto a Omnivore en inversion agtech de fase temprana. Publica el AgFunder AgriFoodTech Investment Report, fuente sugerida en el brief.;desconocido;desconocido;equity;si;-;-;-;-;-;formulario_web;Referencia sectorial y posible coinversor internacional en fases posteriores.;Fondo estadounidense sin operaciones verificadas en Espana y con tesis deeptech. Valor principal como FUENTE DE DATOS del sector, no como inversor de esta ronda.;ninguno;30;C;media;https://agfunder.com/;https://www.peony.ink/blog/top-15-agriculture-investors;2026-09-21;nuevo
A3-043;Boyser;family_office;family office de Barcelona con perfil de innovacion;España;Barcelona;https://boyser.net/;Family office barcelones catalogado como catalizador de innovacion con ticket de referencia en el entorno de 300 k$.;Sin cartera agroalimentaria documentada.;desconocido;desconocido;equity;desconocido;2025-06;-;-;-;-;desconocida;Ticket de referencia moderado y perfil de innovacion.;Informacion procedente de un listado agregador no verificado contra fuente primaria. Requiere verificacion manual antes de contactar.;ninguno;30;C;baja;https://venturecapitalarchive.com/blogs/25-active-family-offices-in-spain;https://venturecapitalarchive.com/blogs/25-active-family-offices-in-spain;2026-09-21;nuevo
A6-018;Capitalia SE;crowdfunding;crowdlending a pymes;Letonia;Riga;https://www.capitalia.com;Prestamista alternativo báltico a pymes, registrado en CNMV como proveedor europeo de servicios de financiación participativa nº10 desde noviembre de 2023.;No verificada para España.;desconocido;desconocido;deuda;si;2023-11;-;-;-;-;formulario_web;Prestamista a pymes con pasaporte europeo, alternativa si la originación española se abre.;Originación concentrada en el Báltico. Sin evidencia de operaciones en España. Prioridad baja.;ninguno;30;C;baja;https://www.cnmv.es/portal/consultas/servicios-financiacion-participativa/listado-proveedores-europeos?lang=es;https://www.cnmv.es/portal/consultas/servicios-financiacion-participativa/listado-proveedores-europeos?lang=es;2026-09-21;nuevo
A5-010;Cargill Ventures;cvc;corporate venture capital de grupo agroalimentario global;Estados Unidos;Minneapolis;https://ecosistemastartup.com/cargill-ventures-invierte-en-agrifoodtech-30-startups-en-2026/;Brazo de corporate venturing de Cargill, activo en agrifoodtech con cartera declarada de 30 startups en 2026.;Grupo agroalimentario global con actividad inversora documentada en agrifoodtech en 2026. No se ha verificado ninguna operacion en Espana.;desconocido;desconocido;equity;si;2026-01;-;-;-;-;desconocida;Solo relevante como comprador estrategico o inversor de fases posteriores.;Sin evidencia de inversion en Espana ni de tickets pequenos. CVC de multinacional con procesos largos. Encaje nulo para una ronda de 100 k EUR en deuda participativa.;ninguno;30;C;baja;https://ecosistemastartup.com/cargill-ventures-invierte-en-agrifoodtech-30-startups-en-2026/;-;2026-09-21;nuevo
A6-035;COFIDES;publico_coinversor;sociedad público-privada de financiación al desarrollo;España;Madrid;https://www.cofides.es;Sociedad estatal que financia proyectos de internacionalización e inversión sostenible. Más de 1.200 proyectos aprobados en 100 países y 5.100 M€ comprometidos, con 1.215 M€ de cartera viva.;Cartera diversificada con proyectos industriales y de infraestructura. Sin encaje con una pyme agro que opera solo en Madrid.;desconocido;desconocido;deuda|equity;si;2026-09;-;-;-;-;formulario_web;Sin encaje en esta ronda. Anotar para una fase posterior si Rootflow exporta o replica el modelo fuera de España.;Su mandato es la internacionalización y los tickets son de varios millones. Rootflow no es elegible hoy.;ninguno;30;C;alta;https://www.cofides.es/;https://www.cofides.es/;2026-09-21;nuevo
A5-040;Nordic Foodtech VC;vc;fondo nordico de foodtech y agritech, segundo fondo de 80 M EUR;Finlandia;Helsinki;https://tech.eu/2025/06/05/nordic-foodtech-vc-secures-eur40m-first-close-of-second-fund-to-back-early-stage-food-and-agri-tech/;Fondo de fase temprana en alimentacion y agricultura. Lidera rondas pre-seed y seed en los paises nordicos y balticos y COINVIERTE en el resto de Europa, con tickets de 0,5 a 2 M EUR.;Primer cierre de 40 M EUR sobre un objetivo de 80 M EUR en junio de 2025. Tesis de nuevas tecnologias para la industria alimentaria y agricola.;500000;2000000;equity;si;2025-06;-;-;-;-;formulario_web;Coinvierte fuera de los nordicos, lo que abre la puerta a Espana en una Serie A futura.;TICKET MINIMO 500 k EUR, 5x la ronda privada. Lidera solo en Nordicos y Balticos. Fase pre-seed tecnologica, no produccion agricola. NO ENCAJA hoy.;ninguno;30;C;alta;https://tech.eu/2025/06/05/nordic-foodtech-vc-secures-eur40m-first-close-of-second-fund-to-back-early-stage-food-and-agri-tech/;https://siliconcanals.com/nordic-foodtech-vc-e40m-first-close-of-80m-fund/;2026-09-21;nuevo
A5-028;Q-Impact (Q-Impact Fund II);impacto;fondo de capital crecimiento de impacto de mas de 100 M EUR;Espana;Madrid;https://www.linkedin.com/company/qimpactfese;Gestora de impacto con Q-Impact Fund II de mas de 100 M EUR, especializada en pymes de impacto social y ambiental en fases de expansion y crecimiento.;Areas declaradas: inclusion social y transicion ecologica (eficiencia energetica, nuevos combustibles, reforestacion). El Fondo de Impacto Social invirtio 19,5 M EUR en el vehiculo. Sin cartera agroalimentaria.;desconocido;desconocido;equity|deuda;si;-;-;-;-;-;formulario_web;Gestora de impacto espanola con capacidad de instrumentos hibridos.;Invierte en pymes CONSOLIDADAS en expansion con tickets de millones. Rootflow esta en fase seed. Encaje nulo hoy, revisable dentro de 3-4 anos.;ninguno;30;C;media;https://www.silicon.es/q-impact-financiacion-pymes-impacto-social-medioambiental-238384;https://www.linkedin.com/company/qimpactfese;2026-09-21;nuevo
A4-042+A6-014;Sodacrowd PSFP;crowdfunding;proveedor de servicios de financiacion participativa CNMV numero 16;Espana;Espana;https://www.sodacrowd.com/;Proveedor de servicios de financiacion participativa inscrito en el registro de la CNMV en diciembre de 2023.;No se ha verificado cartera agro ni food especifica.;desconocido;desconocido;equity|deuda;desconocido;2023-12;-;-;-;-;formulario_web;Sin ángulo identificado hasta confirmar que la plataforma está operativa.;La web devolvia error 404 en la fecha de verificacion pese a figurar en el registro de la CNMV. Confirmar actividad antes de contactar.;ninguno;30;C;baja;https://www.cnmv.es/portal/consultas/servicios-financiacion-participativa/listado-proveedores?lang=es;https://www.sodacrowd.com/;2026-09-21;nuevo
A5-049;Unirisco Galicia SCR;publico_coinversor;sociedad de capital riesgo de las universidades gallegas;Espana;Santiago de Compostela;https://www.unirisco.com/en/;Sociedad de capital riesgo especializada en empresas en fases iniciales surgidas de resultados de centros de investigacion gallegos (universidades, CSIC, Sergas y centros tecnologicos). Mas de 30 proyectos desde 2001.;Coinversor en la ronda seed de 1,84 M EUR de Neboda Farms (agricultura vertical) en julio de 2025.;desconocido;desconocido;equity|participativo;si;2025-07;-;-;-;-;formulario_web;Coinversor con precedente directo en agricultura vertical espanola (Neboda).;BLOQUEANTE: invierte solo en empresas vinculadas a centros de investigacion GALLEGOS. Rootflow no es spin-off ni esta en Galicia. Incluido por trazabilidad de la ronda de Neboda.;ninguno;30;C;alta;https://www.unirisco.com/en/;https://www.alimarket.es/alimentacion/noticia/411862/neboda-levanta-1-8-m--para-consolidar-su-produccion-en-agricultura-vertical-a-escala-preindustrial;2026-09-21;nuevo
A5-038;Five Seasons Ventures;vc;fondo europeo de food y agritech respaldado por Nestle;Francia;Paris;https://agfundernews.com/new-european-vc-five-seasons-ventures;Fondo de venture capital europeo especializado en food y agritech, lanzado con 60 M EUR y respaldado por Nestle entre otros inversores.;Tesis food y agritech europea. Sin operaciones verificadas en Espana ni en agricultura de entorno controlado.;desconocido;desconocido;equity;si;-;-;-;-;-;formulario_web;Fondo food europeo con respaldo industrial de Nestle.;Ticket de orden de millones y fase Serie A o posterior. Sin evidencia de inversion en Espana ni de operaciones recientes verificadas. NO ENCAJA.;ninguno;28;C;baja;https://agfundernews.com/new-european-vc-five-seasons-ventures;-;2026-09-21;nuevo
A3-032;GoHub Ventures;cvc;corporate venture de Global Omnium (Grupo Aguas de Valencia);España;Valencia;https://gohub.vc/;Fondo de venture capital respaldado por un grupo empresarial que invierte en early stage, actualmente centrado en digital health y software B2B con IA.;Origen en el grupo del agua Global Omnium, pero su tesis actual publicada ya no incluye agua ni agroalimentario.;desconocido;desconocido;equity;si;2026-06;-;-;-;-;formulario_web;El unico angulo seria el ahorro de agua, pero su tesis publicada ya no lo cubre.;DESCARTE POR TESIS: la web actual declara foco exclusivo en digital health y B2B software. Verticales de agua y agro abandonadas.;ninguno;28;C;alta;https://gohub.vc/;https://gohub.vc/;2026-09-21;nuevo
A5-044;ICL Planet Startup Hub;aceleradora;aceleradora corporativa foodtech y agtech del grupo quimico ICL;Israel;Tel Aviv;https://www.icl-group.com/innovation/planet-startup-hub/;Aceleradora de innovacion foodtech y agtech de ICL, que conecta startups de fase temprana con el conocimiento y los recursos del grupo para implantar sus tecnologias.;Programa corporativo agtech y foodtech con foco en impacto ambiental positivo. No se ha verificado importe de ticket.;desconocido;desconocido;desconocido;desconocido;-;-;-;-;-;formulario_web;Acceso a un grupo industrial de nutricion vegetal con capacidad de pilotos.;TICKET NO VERIFICADO y enfoque en tecnologia para agricultura, no en productores. Programa corporativo en Israel. Encaje muy bajo.;ninguno;28;C;baja;https://www.icl-group.com/innovation/planet-startup-hub/;-;2026-09-21;nuevo
A3-033;Omega Capital;family_office;single family office de Alicia Koplowitz;España;Madrid;-;Vehiculo de inversion de Alicia Koplowitz con cartera de hoteleria de lujo, participaciones cotizadas y fondos.;Sin cartera agroalimentaria. En 2025 compro el 50% restante de Hospes Hotels por unos 125 M€.;desconocido;desconocido;equity;desconocido;2025-06;-;-;-;-;intro_calida;Solo tendria sentido por el componente HORECA de su cartera hotelera como cliente, no como inversor.;DESCARTE POR TICKET: opera en operaciones de nueve cifras. No invierte en seed. Acceso practicamente cerrado.;ninguno;28;C;media;https://familyofficehub.io/blog/what-were-the-top-investments-of-spanish-family-offices-in-2025/;https://allfamilyoffices.com/family-office-madrid;2026-09-21;nuevo
A6-047;Round2 Capital Partners;venture_debt;revenue based financing;Austria;Viena;https://round2cap.com;Proveedor europeo líder de revenue based financing para empresas de software con ingresos recurrentes, que invierte importes de siete cifras sin dilución.;Cartera exclusivamente de software y tecnología, como AI Traffic Intelligence.;1000000;desconocido;revenue_share;si;2026-09;-;-;-;-;formulario_web;Sin encaje. Solo interesaría si Rootflow licenciara su ERP como producto software.;Mandato exclusivo de software y tickets de siete cifras. Descartado por sector y por tamaño.;ninguno;28;C;alta;https://round2cap.com/;https://round2cap.com/;2026-09-21;nuevo
A6-010;Smart Credit PSFP S.L.;crowdfunding;plataforma de financiación participativa;España;-;-;Plataforma autorizada por la CNMV con el número 24 desde abril de 2024. El registro oficial no publica página web para esta entidad.;No verificada.;desconocido;desconocido;desconocido;desconocido;2024-04;-;-;-;-;desconocida;Sin ángulo identificado hasta confirmar que la plataforma está operativa.;Sin web en el registro CNMV y el dominio smartcredit.es está en venta. No hay evidencia de actividad. Descartar salvo que se confirme operativa.;ninguno;28;C;baja;https://www.cnmv.es/portal/consultas/servicios-financiacion-participativa/listado-proveedores?lang=es;https://www.smartcredit.es/;2026-09-21;nuevo
A3-034;Torreal;family_office;single family office de la familia Abello;España;Madrid;https://www.torreal.es/;Sociedad de capital riesgo de la familia Abello con cartera industrial y de servicios y participaciones minoritarias significativas.;Sin cartera agroalimentaria reciente documentada. En 2025 entro en Piovan y subio al 50,8% en Linneo Health.;desconocido;desconocido;equity;si;2025-06;-;-;-;-;intro_calida;Toma minorias en industriales, pero en un rango de tamanio incompatible con esta ronda.;DESCARTE POR TICKET: opera en mid y large cap. Sin actividad seed.;ninguno;28;C;media;https://familyofficehub.io/blog/what-were-the-top-investments-of-spanish-family-offices-in-2025/;https://familyofficehub.io/blog/what-were-the-top-investments-of-spanish-family-offices-in-2025/;2026-09-21;nuevo
A5-050;Xesgalicia;publico_coinversor;gestora de capital riesgo de la Xunta de Galicia;Espana;Santiago de Compostela;https://www.cbinsights.com/investor/xesgalicia;Gestora publica de capital riesgo de Galicia que participa en fondos y coinvierte con el compromiso de que el capital se despliegue en Galicia.;Coinversora en la ronda seed de 1,84 M EUR de Neboda Farms (agricultura vertical) en julio de 2025, junto a Clave Capital, Unirisco, Eatable Adventures y CDTI.;desconocido;desconocido;equity|participativo;si;2025-07;-;-;-;-;formulario_web;Coinversor publico con precedente en agricultura vertical.;BLOQUEANTE: exige despliegue del capital en GALICIA. Rootflow opera en Madrid. Incluido por trazabilidad de la ronda de Neboda, no como candidato.;ninguno;28;C;media;https://www.alimarket.es/alimentacion/noticia/411862/neboda-levanta-1-8-m--para-consolidar-su-produccion-en-agricultura-vertical-a-escala-preindustrial;https://www.cbinsights.com/investor/xesgalicia;2026-09-21;nuevo
A3-039;MdF Family Partners;family_office;multi family office de Madrid;España;Madrid;-;Multi family office madrileno con foco en private equity, inmobiliario y activos iliquidos para grupos familiares.;Sin cartera agroalimentaria documentada.;desconocido;desconocido;equity;desconocido;2026-06;-;-;-;-;formulario_web;Su vertical de activos iliquidos podria acoger un prestamo participativo con kicker como producto de cartera.;Sin tesis agro. Sin evidencia de tickets pequenios ni de seed. Web no verificada en esta investigacion.;ninguno;27;C;baja;https://allfamilyoffices.com/family-office-madrid;https://allfamilyoffices.com/family-office-madrid;2026-09-21;nuevo
A3-038;Proaltus Capital Partners;family_office;multi family office boutique con presencia global;España;Madrid;https://www.proaltus.com/;Firma boutique con presencia en Estados Unidos, Espana y Oriente Medio que da acceso a oportunidades de inversion globales a sus familias.;Sin cartera agroalimentaria documentada.;desconocido;desconocido;desconocido;desconocido;2026-06;-;-;-;-;formulario_web;Podria canalizar tickets de familias internacionales interesadas en activos espanoles con retorno contractual.;Sin criterios publicos. Sin evidencia de inversion directa en pymes espanolas ni en agro.;ninguno;27;C;media;https://www.proaltus.com/;https://allfamilyoffices.com/family-office-madrid;2026-09-21;nuevo
A3-051;Welzia Management;family_office;gestora independiente con servicio Oficina Familia;España;Madrid;https://www.welzia.com/;Firma independiente de gestion de activos y asesoramiento patrimonial con servicio especifico Oficina Familia y gestion de sicavs y sociedades.;Sin cartera agroalimentaria documentada.;desconocido;desconocido;desconocido;desconocido;2026-09;-;-;-;-;formulario_web;Su servicio Oficina Familia agrupa patrimonios madrilenos que pueden sindicar tickets de 20-50 k€.;Su oferta visible es de carteras de fondos, acciones y bonos, no de coinversion directa en pymes.;ninguno;27;C;alta;https://www.welzia.com/;https://www.welzia.com/;2026-09-21;nuevo
A3-045;Artá Capital;family_office;gestora de capital privado del entorno de la familia March;España;Madrid;https://www.artacapital.com/;Gestora de capital privado lider en el mercado iberico, socio activo para crecimiento sostenible, con inversiones y coinversiones en mid market.;Sin cartera agroalimentaria reciente documentada en la informacion publica revisada.;desconocido;desconocido;equity;si;2026-06;Ramón Carné;Socio director;-;-;formulario_web;Hace coinversiones y toma minorias, pero en mid market.;DESCARTE POR TICKET: mid market iberico, muy por encima de 100 k€. Sin seed.;ninguno;26;C;alta;https://www.artacapital.com/;https://www.artacapital.com/;2026-09-21;nuevo
A3-053;Aspain 11;family_office;asesores financieros de Madrid con servicio de family office;España;Madrid;https://www.aspain11.com/;Firma madrilena de asesoramiento financiero con servicio de family office y una asociacion propia dedicada a finanzas y emprendimiento.;Sin cartera agroalimentaria documentada.;desconocido;desconocido;desconocido;desconocido;2026-09;-;-;-;-;formulario_web;Su vinculo declarado con el emprendimiento facilita presentar una operacion early stage a sus clientes.;Firma pequena de asesoramiento. Sin evidencia de operaciones de coinversion en startups.;ninguno;26;C;media;https://www.aspain11.com/;https://www.aspain11.com/;2026-09-21;nuevo
A6-013;Civislend PSFP S.A.;crowdfunding;crowdlending inmobiliario;España;Madrid;https://www.civislend.com;Plataforma CNMV nº8 registrada desde 2017, líder declarado en crowdlending inmobiliario con garantías reales y rentabilidad media anual del 11,08 % en 2025.;Ninguna. Cartera 100 % promoción inmobiliaria residencial.;desconocido;desconocido;deuda;si;2026-09;-;-;-;-;formulario_web;Sin encaje sectorial. Solo relevante si Rootflow llegara a comprar nave en propiedad con garantía hipotecaria.;Exclusivamente inmobiliario y exige garantía hipotecaria de primer rango. Descartado para esta ronda.;ninguno;26;C;alta;https://www.cnmv.es/portal/consultas/servicios-financiacion-participativa/listado-proveedores?lang=es;https://www.civislend.com/;2026-09-21;nuevo
A3-035;Corporación Financiera Alba;family_office;holding de inversion de la familia March;España;Madrid;-;Holding cotizado de inversion de la familia March con participaciones significativas en companias cotizadas y no cotizadas.;Sin cartera agroalimentaria reciente documentada. En 2025 invirtio 580 M€ en Nord Anglia Education.;desconocido;desconocido;equity;si;2025-06;-;-;-;-;intro_calida;Ninguno realista por tamanio: mejor entrar por el servicio de coinversion de Banca March.;DESCARTE POR TICKET: operaciones de cientos de millones. Sin seed.;ninguno;26;C;media;https://familyofficehub.io/blog/what-were-the-top-investments-of-spanish-family-offices-in-2025/;https://familyofficehub.io/blog/what-were-the-top-investments-of-spanish-family-offices-in-2025/;2026-09-21;nuevo
A5-021;FCC Aqualia;cvc;operador de agua (FCC 51% e IFM 49%), cuarto de Europa por poblacion servida;Espana;Madrid;https://www.aqualia.com/en;Gestora integral del ciclo del agua con 44,8 millones de usuarios en 19 paises y 6,26 M EUR invertidos en I+D en 2024. NO se ha verificado la existencia de un vehiculo de venture capital propio.;Actividad de I+D en infraestructura hidrica inteligente y 24 patentes activas. Sin participadas agroalimentarias verificadas.;desconocido;desconocido;desconocido;desconocido;-;-;-;-;-;desconocida;Posible socio de innovacion en reutilizacion y eficiencia hidrica, no como inversor financiero.;NO SE HA VERIFICADO NINGUN VEHICULO INVERSOR. Solo programas de I+D internos. Incluido por exhaustividad del segmento agua, no como candidato real. Confianza baja.;ninguno;26;C;baja;https://www.aqualia.com/en;https://compromisoreal.com/compromiso-con-la-innovacion;2026-09-21;nuevo
A4-039;Capital Cell PSFP;crowdfunding;plataforma de crowdequity especializada en ciencias de la vida CNMV numero 12;Espana;Barcelona;https://capitalcell.com/;Plataforma de crowdequity autorizada por la CNMV especializada en biotecnologia y ciencias de la vida. Es socio institucional de BIGBAN.;Especializacion declarada en biotech y salud. Sin encaje con produccion agricola en entorno controlado.;desconocido;desconocido;equity;si;2023-11;-;-;-;-;formulario_web;Solo tendria encaje si Rootflow desarrollase una linea de I+D en biotecnologia vegetal, lo que hoy no forma parte del plan.;Especializacion exclusiva en ciencias de la vida: encaje sectorial practicamente nulo para Rootflow. Se incluye solo para descartarlo de forma documentada.;ninguno;25;C;alta;https://www.cnmv.es/portal/consultas/servicios-financiacion-participativa/listado-proveedores?lang=es;https://capitalcell.com/;2026-09-21;nuevo
A3-040;Siemprelara;family_office;single family office de la familia Lara;España;Madrid;-;Single family office de la familia Lara con inversiones directas multisectoriales.;Sin cartera agroalimentaria documentada.;desconocido;desconocido;equity;desconocido;2026-06;-;-;-;-;intro_calida;Hace inversiones directas y esta en Madrid, pero no hay evidencia de interes agro.;Sin tesis publicada ni canal de entrada. Web no verificada. Requiere verificacion manual.;ninguno;25;C;baja;https://allfamilyoffices.com/family-office-madrid;https://allfamilyoffices.com/family-office-madrid;2026-09-21;nuevo
A3-052;Tressis;banca;banca privada independiente espanola;España;Madrid;https://www.tressis.com/;Banca privada independiente con planificacion financiera y asesoramiento personalizado para grandes patrimonios.;Sin cartera agroalimentaria documentada.;desconocido;desconocido;desconocido;desconocido;2026-09;-;-;tressis@tressis.com;-;email_generico;Canal hacia clientes de banca privada interesados en deducciones fiscales por inversion en empresas de nueva creacion.;Es banca privada, no inversor directo. Sin producto de coinversion en pymes documentado.;ninguno;25;C;alta;https://www.tressis.com/;https://www.tressis.com/;2026-09-21;nuevo
A3-031;Bonsai Partners;vc;gestora madrilena nacida de la diversificacion de un family office;España;Madrid;https://bonsaipartners.eu/;Gestora fundada en 2018 a partir del family office inmobiliario y financiero de Javier Cebrian, que invierte en tecnologicas europeas via primario y secundario con tickets de 2 a 6 M€.;Sin cartera agroalimentaria: foco en marketplaces, SaaS, fintech y movilidad.;2000000;6000000;equity;si;2026-06;-;-;-;-;formulario_web;Origen family office y sede en Madrid, pero el encaje sectorial y de ticket es practicamente nulo.;DESCARTE: ticket minimo de 2 M€ y tesis exclusivamente tecnologica. Solo util como contacto de ecosistema.;ninguno;24;C;alta;https://bonsaipartners.eu/;https://www.descubre.vc/bonsai-partners;2026-09-21;nuevo
A3-044;Meridia Capital;family_office;grupo de inversion fundado por Javier Faus con 1.000 M€ bajo gestion;España;Barcelona;https://www.meridiacapital.com/;Gestora con 1.000 M€ bajo gestion en real assets, real estate, glamping, cuentas de asesoramiento y private equity, con 20 anios en mercados privados en Espana.;Sin cartera agroalimentaria documentada.;desconocido;desconocido;equity;desconocido;2026-06;-;-;-;-;formulario_web;Ninguno relevante por sector y tamanio.;80% de inversores institucionales e internacionales. Tickets de private equity muy superiores. Sin tesis agro.;ninguno;24;C;alta;https://www.meridiacapital.com/;https://www.meridiacapital.com/;2026-09-21;nuevo
A3-055;Mutua Ventures;cvc;corporate venture de Mutua Madrilena;España;Madrid;-;Brazo de corporate venture de Mutua Madrilena que lidera rondas de startups espanolas en fases de crecimiento.;Sin cartera agroalimentaria documentada. Lidero la ronda de 10 M€ de Mundimoto junto a Orilla Asset Management.;desconocido;desconocido;equity;si;2025-06;-;-;-;-;formulario_web;Inversor madrileno activo, pero sin encaje sectorial ni de fase.;Tickets de varios millones en series A y B. Sin tesis agro ni seed.;ninguno;24;C;media;https://capital-riesgo.es/en/articles/mundimoto-cierra-una-ronda-de-10-millones-liderada-por-mutua-ventures-y-orilla-asset-management/;https://capital-riesgo.es/en/articles/mundimoto-cierra-una-ronda-de-10-millones-liderada-por-mutua-ventures-y-orilla-asset-management/;2026-09-21;nuevo
A3-047;Riva y García;family_office;grupo financiero familiar de Barcelona;España;Barcelona;https://www.rivaygarcia.es/;Grupo financiero independiente barcelones con actividad de banca de inversion y gestion patrimonial para familias empresarias.;Sin cartera agroalimentaria documentada en la informacion publica revisada.;desconocido;desconocido;desconocido;desconocido;2026-09;-;-;-;-;formulario_web;Canal hacia familias empresarias catalanas que buscan activos reales en Espana.;Web corporativa muy limitada, sin informacion de tesis ni de tickets. Requiere verificacion manual.;ninguno;24;C;baja;https://www.rivaygarcia.es/;https://www.rivaygarcia.es/;2026-09-21;nuevo
A5-029;Suma Capital;impacto;gestora de transicion energetica y economia circular, mas de 1.100 M EUR bajo gestion;Espana;Barcelona;https://sumacapital.com/en/;Gestora con tres estrategias (SC Expansion, SC Venture y SC Infra) centradas en descarbonizacion, transicion energetica y economia circular. Mas de 1.100 M EUR bajo gestion en 2025.;SC Net Zero Ventures I cerro en 210 M EUR e invierte de 5 a 15 M EUR en companias en fase scale-up. SC Climate Impact Fund III suma 300 M EUR en infraestructura sostenible.;5000000;15000000;equity;si;2025-12;-;-;-;-;formulario_web;Tesis de descarbonizacion y economia circular.;TICKET DE 5 a 15 M EUR y fase scale-up o infraestructura. Es un fondo de infraestructuras y crecimiento, no de seed. Distancia de dos ordenes de magnitud. NO ENCAJA.;ninguno;24;C;alta;https://impact-investor.com/suma-capitals-climate-fund-reaches-final-close-of-e210m/;https://sumacapital.com/en/;2026-09-21;nuevo
A3-037;Ibervalles;family_office;family office de Valladolid;España;Valladolid;-;Family office castellano con inversiones en hoteleria y activos reales, incluida una joint venture hotelera de 125 M€ en Cascais.;Sin cartera agroalimentaria documentada.;desconocido;desconocido;equity;desconocido;2025-06;-;-;-;-;desconocida;Activo real y tangible en Madrid con retorno contractual, pero sin encaje sectorial ni de fase.;Sin tesis agro ni early stage. Tickets de decenas de millones. Web no verificada.;ninguno;22;C;baja;https://familyofficehub.io/blog/what-were-the-top-investments-of-spanish-family-offices-in-2025/;https://familyofficehub.io/blog/what-were-the-top-investments-of-spanish-family-offices-in-2025/;2026-09-21;nuevo
A3-041;Vissē Capital Partners;family_office;multi family office de Madrid con inversion directa;España;Madrid;-;Multi family office que realiza inversiones directas e indirectas en inmobiliario, mercados de capitales, capital riesgo y entretenimiento.;Sin cartera agroalimentaria. En private equity sus participadas generan mas de 5 M€ de EBITDA anual.;desconocido;desconocido;equity;desconocido;2025-06;-;-;-;-;formulario_web;Hace inversion directa desde Madrid, pero su umbral de tamanio es muy superior.;DESCARTE POR TAMANIO: exige participadas con mas de 5 M€ de EBITDA. Rootflow esta muy por debajo.;ninguno;22;C;alta;https://capital-riesgo.es/es/directory/+viss%c4%93+capital+partners+/;https://capital-riesgo.es/es/directory?category=family-office-general;2026-09-21;nuevo
A3-042;CAPMIRA;family_office;multi family office de Barcelona especializado en real estate y M&A off market;España;Barcelona;https://capmirahg.com/;Multi family office que ensambla operaciones off market de inmobiliario y M&A para empresarios y family offices, con mas de 160 M€ en operaciones hoteleras e inmobiliarias.;Sin cartera agroalimentaria documentada.;desconocido;desconocido;equity;desconocido;2025-06;-;-;-;-;formulario_web;Ninguno relevante: su negocio es inmobiliario y hotelero.;DEAL-BREAKER: solo ladrillo y hoteleria, sin participadas operativas en agro ni venture.;ninguno;20;C;media;https://capmirahg.com/en/;https://venturecapitalarchive.com/blogs/25-active-family-offices-in-spain;2026-09-21;nuevo
A3-036;Pontegadea Inversiones;family_office;single family office de Amancio Ortega;España;A Coruña y Madrid;-;Vehiculo patrimonial de Amancio Ortega centrado en activos inmobiliarios prime, infraestructuras y energia, con horizonte de decadas.;Sin inversiones agroalimentarias ni en pymes operativas.;desconocido;desconocido;desconocido;no;2025-12;-;-;-;-;desconocida;Ninguno.;DEAL-BREAKER: solo activos inmobiliarios e infraestructuras, sin participadas operativas ni venture. Descartar y no volver a buscarlo.;ninguno;16;C;alta;https://familyofficehub.io/blog/what-were-the-top-investments-of-spanish-family-offices-in-2025/;https://allfamilyoffices.com/family-office-madrid;2026-09-21;nuevo
